voltage,current,frequency,power_factor,active_power,reactive_power,apparent_power
230.0512758311702,9.822803574691514,49.96202190414428,0.9211812514341308,2081.6379461790384,879.3444830439588,2259.748494596762
229.26643666592778,10.680061298152157,50.049468632954756,0.9145858766049293,2239.436317343047,990.1853485050972,2448.5795972010283
234.24901222289967,10.613286195482674,50.044037919764506,0.904998504348131,2249.9636675787337,1057.6456427644116,2486.1518077307533
228.9076129993872,9.691546224655784,50.01792201650294,0.9226583250063233,2046.8886264087857,855.4825420090883,2218.468712559178
230.16017274051444,10.921337240906816,50.010976124347756,0.9106993316821528,2289.1856278757205,1038.3159445644437,2513.656865924526
229.18672319103862,9.689336125040276,49.97336589700559,0.9037962359671825,2007.030653437178,950.3634848342526,2220.6671963945364
227.79742011654534,10.069110991974899,50.03462844150315,0.9077918649539382,2082.218093210901,962.0331665202702,2293.7175068390306
231.14385197875507,9.037473817509058,50.014953577343846,0.9322832818980518,1947.4992311985231,755.6361866381908,2088.9565103361883
228.5985094293002,9.73441878945668,49.97487155438454,0.9306036097413652,2070.847668487757,814.513745712645,2225.27362543037
227.61293966186514,9.242194055985758,50.021872646570934,0.9128712774042551,1920.3552342795344,858.8070033210322,2103.642958008335
228.54321900854515,10.127314563676075,49.9888313349363,0.8990393367648598,2080.8526802806896,1013.4579124007503,2314.52907029465
230.5450569127186,9.877714746261102,49.98615867981708,0.9206351614452599,2096.5240703551744,889.096297003206,2277.2583083443656
226.9266961739646,10.138405609510318,49.95509115851005,0.908944317147704,2091.1853663588795,959.1916963860539,2300.674889437766
228.1675973731424,9.639905004951764,49.99193438140259,0.918376450483478,2019.9818269417112,870.3649212549287,2199.5139638851742
230.93349196082136,10.003944705067498,50.00883393899897,0.9228306494504027,2131.9657096364613,889.9203661267318,2310.2458841242064
231.53841147049621,10.036144785346552,49.98643340144357,0.9170512741980347,2131.0006687259965,926.6413826130481,2323.753020887045
230.85278973664967,10.082339712725702,49.902447045286216,0.9272940821256316,2158.310590331012,871.2751514820947,2327.536249755339
228.65243418583717,9.763098003500435,50.03254475430439,0.9204810519196366,2054.841512998257,872.3761914786357,2232.3561236952614
227.77681319651424,10.008230558172825,49.99738202640787,0.9275790954293005,2114.549064092369,851.7357777354617,2279.642862276577
231.0302423528875,9.63645051265026,50.04852851395916,0.9270165835333273,2063.827678162889,834.9120900565092,2226.311497359197
232.76992426873443,9.934199719878062,49.992175343299834,0.9263565016344792,2142.0909489372407,870.9541427924121,2312.3829164664994
227.78090384109143,10.835155595151118,49.995109771131986,0.9154386000062069,2259.3404873034265,993.2822255262195,2468.0415347223807
228.7602299822863,9.876608452639076,49.97802300243351,0.8865759631642944,2003.1077627703032,1045.1486402984312,2259.3752210707075
229.90473699889915,9.89088779129234,49.99232960580044,0.9283858300102006,2111.1140582508256,845.0446212772393,2273.9619563426877
229.81918608381312,9.92637277518338,49.9910394631496,0.9141214970667657,2085.35878125315,924.9193084762877,2281.2709119571655
228.23496348922984,9.909150641425649,49.98802930702249,0.9294760853788107,2102.116717440511,834.2697782178885,2261.6146348550615
230.19827322983207,9.404649175577504,49.97450858657598,0.9113569328010854,1973.0276104583093,891.1236025983835,2164.934000550305
233.17430397654658,9.657025876835897,49.998249431725576,0.9135696241266212,2057.1489350015936,915.7552544513086,2251.77028731471
228.2030984253802,9.807154264878001,49.97514496387797,0.899793851490455,2013.7593258790457,976.4836307475712,2238.022989980842
231.60626406206347,10.393376443538738,50.03880239100344,0.8764622481454927,2109.794584404719,1158.9820808419238,2407.171089078663
230.25876866279143,11.266752599090756,49.993530798415264,0.9287579551297679,2409.4475816921367,961.6609682125244,2594.2685802949422
226.25526707947606,10.59443994826827,49.962295601594775,0.9140930281882597,2191.12471882609,972.0137931385548,2397.047840052908
235.90399550912963,9.624074629738068,50.03822442360199,0.9330668642806682,2118.3955009633064,816.6543931167101,2270.3576582332576
227.37228380508114,9.633078196006258,49.99647425561128,0.9247480085871421,2025.4709297574789,833.5824216784118,2190.2949894988737
229.53196673117563,10.021355523711891,50.02758461820951,0.9247599916778599,2127.1527621806713,875.3512504507171,2300.221442669921
229.7301125303675,10.15014934313672,50.02549444689029,0.9310322344946561,2170.976263425596,850.9581401065377,2331.7949507988346
230.90206563177344,9.550015514925434,50.02867894722629,0.9079878476586705,2002.220627413919,923.9368575715415,2205.118309211767
232.00770423223366,9.742517049614932,50.10873926024705,0.921326998030544,2082.5113584146957,878.7940036478087,2260.339014124555
230.56556838455995,10.187931706025948,50.01650746680144,0.9189590804508784,2158.622257582618,926.3295416343658,2348.986264462952
228.02574432239857,9.750945511422046,50.01597158976884,0.9190243831817447,2043.4200280243494,876.4920686215567,2223.4666080891634
228.79381869156663,10.021697800230344,50.00761360046009,0.9452698218915019,2167.4115467578963,748.1504561215982,2292.9025094875733
229.4118951391086,10.451820643226469,49.98247589805564,0.9448506057991307,2265.5363092096954,785.2742874430544,2397.771981416641
227.90472429869334,9.856628931706773,50.03683227125634,0.9482906176814858,2130.2137751463542,713.0061561922525,2246.3722991951563
230.74849007705288,9.120979931289728,50.03087073712206,0.8935874804421451,1880.6909881126842,944.7554761272226,2104.6523471682062
231.11878559969537,10.258176099912069,49.99521794264413,0.9480054477265512,2247.585543921895,754.5350212220555,2370.857202679497
230.38199156377502,10.68661283243983,50.02768008485875,0.9111724622825044,2243.3094699714625,1014.4072751048418,2462.0031474084826
232.02146132731235,10.341540024822026,50.03501205528653,0.8977721685127095,2154.1677152179973,1056.866143856203,2399.4592289340962
226.8770301775004,9.843193272296116,49.99533321448886,0.9187428422787033,2051.731422860282,881.7911609832163,2233.1944570816945
230.7956821177259,9.976975286812914,50.015980834531916,0.9269425890738433,2134.417694309168,863.9589388056941,2302.6428167916806
228.64663917720307,9.930704429332717,50.04511406114237,0.9305547816316647,2112.938338443864,831.3944422989441,2270.6221924290903
231.1332283614371,9.25896582960965,50.03565641874839,0.9140101740246687,1956.0317353950604,868.2014817052436,2140.05466348591
232.25615417741096,9.252890141514534,50.00213283144031,0.9065591036639885,1948.23239195844,907.0647100319617,2149.0406792942454
231.48855538680755,9.410270370227142,50.02166430885056,0.9052564875795556,1971.983478713298,925.5142105390871,2178.36989380316
228.88873930898282,10.202418776755527,50.00945581051284,0.9316800634382527,2175.676773372574,848.3379571679712,2335.218771713867
233.3477947004164,10.05925053859997,50.069989685467476,0.9208953929601142,2161.6213745733185,915.0020603986607,2347.303929521279
230.18395344512496,9.914446694747523,50.02876946429772,0.91867462566205,2096.5501150496925,901.4823507809278,2282.146536417937
228.28034292964125,10.198612722540606,50.043291068232946,0.9115467724363768,2122.2110639604416,957.3239485146865,2328.1428097081716
231.9140522043111,9.9534456593191,50.00712091558608,0.9353557558611897,2159.122768569823,816.4805606522494,2308.343916248103
231.54198035700978,10.171685725024165,50.00618939028013,0.9658640708144843,2274.7762629790673,610.105982945909,2355.1722563412222
233.13010911616902,9.95455025992429,49.98266132396788,0.9205476247152562,2136.3198328621156,906.5379589393106,2320.7053882985383
227.15000467511817,9.763275256503018,49.984929316996364,0.9052535771610546,2007.6062234193523,942.2498729566391,2217.728020159126
230.39857513464926,9.855661801852962,50.01976710243507,0.9486407266676679,2154.1073710213354,718.3579524139568,2270.7304361559127
228.292461407749,10.017512322621972,50.01546017702681,0.9025137707711097,2063.9790898326455,984.8883413861059,2286.9225453138265
231.32708839841177,9.875216443648846,49.99010076134281,0.9406187859936859,2148.7543210400986,775.4749376490464,2284.4050672134063
230.29134543093483,10.573424909711164,49.99876653579801,0.9171567898901783,2233.24766206814,970.3995310963094,2434.9682482703447
229.97183653487753,9.252433152650884,49.980647842557524,0.9130552316532551,1942.7980495161107,867.7928973578631,2127.7990445313108
229.83681011936878,10.412951187492872,50.02571420353608,0.9302512099956456,2226.3511366506823,878.1499353731112,2393.279484862055
229.89587633026161,10.336728736130638,49.986710720957554,0.9059649792923435,2152.909185724969,1006.0430640011989,2376.3713111809507
227.74850831641893,10.212906710993002,50.02030368705323,0.9419556078406046,2190.964506380704,780.9166612679363,2325.9742690034004
230.15221040681624,10.095408625419939,49.9667194566658,0.914530014769871,2124.8927566726616,939.8898436267714,2323.4806101004374
228.61095885077376,9.52298858224852,50.02046827182608,0.9292967690029036,2023.1344065901817,804.0618515336097,2177.0595509128048
229.1735491045961,8.903931759824113,50.02830916124685,0.9343849024273534,1906.6550409575575,726.975290806754,2040.5456423840242
227.52241252116434,10.113268256848079,50.005540156172074,0.9046554434651414,2081.60782607579,980.5548089106966,2300.995192271785
232.94475122870327,10.173601886248447,50.00491976296026,0.9380427045965131,2223.0553616164766,821.2125258744675,2369.887160492011
229.88842485567923,10.176460333957667,50.03648196586898,0.9320391302194119,2180.4593502876937,847.7177406969226,2339.4504367798277
229.32913675654558,9.734163070909837,49.948914062233584,0.9296209998164737,2075.2182566884194,822.6505806932623,2232.3272140991976
230.9522174793579,9.688740142649834,49.97183511422447,0.923835788956033,2067.208238419306,856.5425029546991,2237.6360205262495
232.61789977540332,9.5892033153142,49.990717005623154,0.9148503473245381,2040.6837888896857,900.7090295566595,2230.6203357277236
230.83811385183586,9.747068268515235,49.992387771932805,0.9125253052409693,2053.1772415658147,920.2934645230187,2249.9948546891364
227.12585382460497,9.945370605547796,50.02778208211573,0.9288792061364021,2098.1995289554206,836.639486232871,2258.850790387172
228.8069703511881,9.999793644779071,50.03591033914042,0.8898503210229199,2035.9975454535384,1043.9161367160377,2288.022487998964
231.65754121017795,10.379001224847077,49.990037850155154,0.9128949307284517,2194.9407485058814,981.4524851559224,2404.3739039654993
231.15476903493465,9.507679944539614,49.982017656729376,0.9130922344554421,2006.744405640695,896.1375140735346,2197.745561638135
229.65629689046358,10.400922326992529,50.00635748246121,0.9214557262678097,2201.023523463866,927.945918745549,2388.6373058624476
230.7332449770633,10.043959735996404,50.015177910626186,0.9318913325392506,2159.635259419159,840.6354020996376,2317.4754223054183
228.89672835079725,9.49956769751551,50.035845289403845,0.9268168024780792,2015.2889607890004,816.5247063875969,2174.419966708216
229.62207922668026,9.951869826538294,50.01829727156853,0.92889681433652,2122.686243114075,846.2863952151266,2285.1690417629848
228.32764601757825,9.7611738213152,49.978347324354715,0.91197699300461,2032.5649302369604,914.3236998448424,2228.745840989309
231.56083414784868,10.092991082693272,49.97185892404538,0.9001301323601236,2103.7314284704967,1018.108127907225,2337.1414341552527
231.12735044537257,10.709735676978704,50.069791512610806,0.8853459123201746,2191.508096631,1150.8544102823405,2475.3128309903664
230.27847042525082,9.513851066021557,50.0542098757787,0.9188293390228559,2013.003540504746,864.6242280412523,2190.835071337086
229.99380154506085,9.882140482921512,50.059082564271726,0.9109144345261257,2070.354617123846,937.7594432120974,2272.831057069462
228.509513868902,10.887375363537354,49.99466316158131,0.932437644114511,2319.7825708799196,898.9439619650522,2487.868851630181
229.2478234814663,9.137637902356161,49.95769879460897,0.9139447213957249,1914.516414487773,850.1442425610365,2094.7836008769013
231.30622572405662,10.35812549476822,49.97957208252163,0.9407740283320979,2253.9994725848073,812.2918087708964,2395.8989137709636
230.41386141119196,9.745427142780986,50.03052890570866,0.9354499448074323,2100.535544370774,793.6860774253664,2245.481499069607
230.6858292878118,9.656290192685683,50.022770443446525,0.9395478004658024,2092.9078464820514,762.7593206188864,2227.5693109434606
231.82796272579472,10.348410999544699,50.00127844183658,0.9346885347218253,2242.3655008085,852.785348598026,2399.0510394736525
229.92093050633085,9.927492692936973,50.004336322071325,0.9162292422772388,2091.328389811231,914.5091140490858,2282.538357554869
231.45496832590692,9.971188794004142,49.99772698415074,0.947693855782245,2187.1648203099885,736.6312644349397,2307.8811864878667
228.42214696540285,10.506990952790014,49.95709744306214,0.9215031885804326,2211.6347738900263,932.1013353611024,2400.0294315823585
226.20117499541658,10.23943572714203,49.99741574481008,0.8979117938546616,2079.718508068373,1019.5221823117926,2316.1723927695753
231.05052989803693,9.782838377648838,50.01341352863309,0.9327580579559334,2108.341012803118,814.855718657879,2260.329991062616
228.31365855515693,10.272706718753236,49.996433065933225,0.9150189178680325,2146.0846875673387,946.1596987281597,2345.399254222693
227.84815725062114,10.020750993948226,50.025261168651106,0.907394507147622,2071.771893478009,959.5871608163677,2283.2096482384336
229.89277999031034,9.652272260978366,49.97551408878954,0.9379024180434408,2081.1939325334265,769.7650567421326,2218.987703299675
229.26968600452537,10.082460150302508,49.97095158329993,0.9176665155596402,2121.2801865853494,918.518569390723,2311.6024728129955
232.4365580740379,9.84288911824183,49.978244636851926,0.9241675378162828,2114.3541767045385,873.9287944831533,2287.8472681485327
229.5868623257846,9.483469553858624,50.05969283233765,0.9532811969391182,2075.560102424281,657.7222374466321,2177.28001883251
228.78406419946796,9.512930792706547,50.014702966206045,0.9222983404519646,2007.296535844635,841.1348957119978,2176.40696920367
229.28873701804153,10.220923817658264,49.9846696985747,0.9059291742118251,2123.0837149976937,992.3245377460325,2343.5427133084827
230.3427524869473,9.872814383710386,50.030985553277695,0.8926814015810888,2030.0746626459209,1024.9242706358914,2274.1312399365747
225.25383400753063,10.61561228132053,49.99198802255217,0.9133196124999218,2183.9365855658575,973.8037075358776,2391.207366704878
232.1667354245848,9.326049745534473,49.97045428937902,0.9027033439142177,1954.53194769768,931.6058785860804,2165.198523828018
229.5612748377217,9.357595468826807,49.96331870182783,0.9198155816147436,1975.8940648253292,842.8254522570408,2148.14154523957
232.1625858959943,8.779059205281573,49.992112603233416,0.8829984090651026,1799.700061078508,956.6676103393642,2038.1690868322028
228.36263607715546,9.801176381277608,49.99478060959781,0.9136097545047325,2044.86188599003,910.0437985086753,2238.22247508571
230.727662833769,10.222654554544789,50.02366416465729,0.8855774854806991,2088.7666217576952,1095.5729172508507,2358.649193327103
228.59810869048292,10.135078120991336,49.995914615617615,0.9031788706998974,2092.5387182839827,994.5453911785904,2316.8596898889127
229.5796865853156,9.503124349582805,50.05683641956496,0.9228426837018121,2013.3883171150192,840.3501938453761,2181.7243097585015
229.3647964918262,9.782894481898222,49.94840466522162,0.9165914592862952,2056.695214245538,897.1481523334729,2243.851601941595
231.58197014057924,9.981816566601866,49.966385918907804,0.9026816964528728,2086.6469044427595,994.7058314458322,2311.6087460755325
232.47966214448223,9.844903077295498,49.98676275288626,0.9201520753908934,2105.9886229452486,896.1816351747026,2288.7397412548307
227.50839532260423,9.89486137054655,50.06337947395539,0.9177574801433823,2066.0226297214017,894.0301974974868,2251.16403235267
229.17142317062724,11.208679111223912,50.03288830914131,0.9244246554538016,2374.577880316834,979.6149897668898,2568.708943782065
231.81200648293563,9.464957197603628,49.939369386682934,0.9365103527032282,2054.7886733491964,769.3358123614528,2194.0907192516006
228.97515064055872,9.861845757159973,49.988314683657464,0.928651811127589,2097.0050155459166,837.6545473959587,2258.1176178396595
228.7979345738637,10.387994370594088,49.997241804128834,0.9026260444880443,2145.3179463077918,1023.0148313904116,2376.7516563568506
232.905928192192,10.530272739566136,50.026999110789006,0.8927031355791882,2189.410632568725,1105.2357615754602,2452.5629465255874
230.99516755679454,9.888084797806046,49.977227162047015,0.903379173397183,2063.408193513003,979.5195478934883,2284.0998046850004
228.6358356854603,9.586886306127957,49.9861000014567,0.8985734578037123,1969.5883399406578,961.8589510091709,2191.905762223061
232.7341675375988,9.33775349564396,49.943937521763374,0.9141419266266504,1986.6262948153887,881.0086831063907,2173.2142864800003
229.86204806976642,10.1329649994023,50.01440722145692,0.9118751065004246,2123.924988105189,956.0549982499149,2329.184087781872
233.72522891630686,9.848806082746169,50.01211178312127,0.9166463047482953,2110.041380161061,920.0736589342516,2301.914456242164
228.71885971676176,10.151500523679728,50.062148869726116,0.9069589445330665,2105.813214930539,978.0030389949242,2321.8396241901373
232.50712355926922,10.088823099942214,49.97603598631338,0.9147753966395598,2145.8099064231174,947.585014544925,2345.7232390658737
230.40283877595292,11.003600409904678,49.996668563425324,0.9555521194279708,2422.573803221105,747.4512331408059,2535.260771198277
231.51312138636968,9.46247326252608,49.99169692851657,0.9741920054077838,2134.1494899925738,494.48383605157443,2190.686721042478
231.66133307540557,9.901605039324325,50.02568979638754,0.9197410376698046,2109.7194884371033,900.3829131914569,2293.819022996027
231.00673357354867,9.747302280108132,49.98032261653556,0.9134113628152047,2056.721479334751,916.5237011855893,2251.6924608817826
230.0400160921704,9.55847046000788,50.021299946593764,0.9435483770097187,2074.70313682914,728.3291387958913,2198.830698436748
229.67004154807273,9.972497105625784,49.94598790416637,0.9354153705750914,2142.4602340353454,809.7667624121681,2290.383824587109
231.56744587137817,10.204632566610774,49.97192615755513,0.9088600657195475,2147.6915026522515,985.63536816859,2363.0606995059434
230.39225701145716,10.442276100561253,50.012954515091934,0.9308634866340627,2239.489583038236,879.0074849672071,2405.819559145105
227.3703300469371,10.429337848145794,49.98753891645203,0.9160807213677707,2172.322358007146,950.8856645322816,2371.321988703922
226.5094413633269,8.969255995404266,50.022133608980404,0.9074012993630979,1843.4956849016237,853.8197805611661,2031.621164963691
231.0773747861484,10.557466189531835,49.993499527050304,0.9199295283308545,2244.25232366282,956.5241990269361,2439.591571470538
231.25514113771607,9.55668219988311,50.04468495606082,0.9419852044113781,2081.817342544916,741.8069231687427,2210.031890942267
231.59494987632627,10.123681110393212,50.0612819614887,0.9192731164580562,2155.3216994103354,922.8795555190509,2344.593419325427
232.69343638803574,9.719114272731106,50.01914969469517,0.9121326450067345,2062.855564589625,927.0082652641665,2261.574098769806
227.8764843815969,9.166902541502576,50.023593145884114,0.9012364847508534,1882.61229105364,905.187325518145,2088.9215238263328
232.99625081457475,11.081208065989387,49.97572059199829,0.9233589733230726,2384.0020049832633,991.28120791498,2581.8799338717517
226.68640796530468,10.153138596673973,49.98596666150575,0.9410387907898854,2165.874665537435,778.6209655219741,2301.5785180539174
234.27822742925764,10.616058056446386,50.056563410153146,0.9107650739730686,2265.174074108839,1026.9901909263904,2487.1112637503493
229.34029565649473,10.611144648138067,50.04379470421838,0.8921264522080288,2171.04597078633,1099.449187199137,2433.563050857816
233.11704586151902,10.154512580086315,50.03978183583616,0.8898974522235953,2106.556327533438,1079.8188810538404,2367.1899748333535
228.34068767831647,11.076772166749956,50.03274522812336,0.9244961256398723,2338.307502555977,964.1390359218964,2529.2777738117206
230.37801959987945,10.775642671522732,49.96376393362362,0.9261576953090532,2299.1598224723707,936.2304533679979,2482.4712185813614
226.9639025315824,11.115870617770627,50.02354286910339,0.929539028038328,2345.135292368053,930.2536270899254,2522.901375445373
226.5822094116387,10.180353849780419,49.98121318519349,0.9295925356533382,2144.2790803851767,850.2190626695602,2306.687067875529
229.99414361821448,9.615607971183145,49.99414160268126,0.8987056990941805,1987.5177787915768,969.8729773379741,2211.5335207007442
234.54982609190665,10.081277007216467,50.016071183953066,0.9127489520507429,2158.251276556058,965.9729736603526,2364.5617688269595
229.74536821697313,10.161985485436754,49.94535299885596,0.9115616933673192,2128.194915666086,959.9303069496999,2334.6690971672033
229.38087519811262,9.844375886824784,49.98881585900547,0.9100221473824279,2054.93152785636,936.1219035573303,2258.1115566990647
227.72602580620335,10.250702650955036,49.969104406753026,0.9436481912979822,2202.8068316748936,772.554385409932,2334.3517764231037
229.03775105986847,10.350381814892927,49.996528118199016,0.9221349122850755,2186.0390028254515,917.1212652041027,2370.6281734940358
232.94353125614018,9.766950091289186,49.95601459071283,0.9170288156303795,2086.3761326457184,907.3766277465494,2275.1478438673835
231.8249845474607,10.754070193387747,50.014049181859505,0.8924487852387755,2224.930293007889,1124.7417956809904,2493.0621564044222
230.04726300759543,9.399158649718082,50.02984445959138,0.9440496080406856,2041.2719465348564,713.1178197378622,2162.250721941811
229.44298982603803,10.076571313252979,50.0125816257891,0.934650963865907,2160.911766032444,822.0693972073113,2311.99864930805
229.59562815868736,10.091104496465192,49.983369231015224,0.9323485402645889,2160.1336030288135,837.6905868991007,2316.8734756808803
229.0635647638051,9.86524242261837,49.954484538167726,0.9198474250100818,2078.641404839088,886.4533268367692,2259.767596584081
234.6239416320165,9.82630548696521,49.97813524537192,0.939143843799484,2165.183476946551,791.990295560608,2305.4865250320886
230.0501760016022,10.40999935833101,50.01033200077852,0.920795479107318,2205.141440809325,934.090210680451,2394.822184560615
230.10037930193394,9.69305865251324,50.00692345757275,0.931724074530169,2078.095454730439,809.9990680766532,2230.3764725391893
228.03877750685388,9.770631075122731,49.962697969300606,0.8989783734039896,2002.9982206456225,975.8846958171973,2228.082765841465
232.58854926661442,10.413345102465515,50.02184623263422,0.9072674775133218,2197.4243583471557,1018.5923956091574,2422.0248303950584
231.11629373441698,10.748621602049441,49.983657430511336,0.8969264020882242,2228.1280533378585,1098.455068358378,2484.1815874193585
232.26260606908997,10.596281028061572,50.001244447531626,0.9465641216844413,2329.607745595523,793.7497395965792,2461.1198462180364
227.44286295477582,9.712630586374582,50.01302554714408,0.9178863315478527,2027.6737883834887,876.6542523893189,2209.0685073871578
230.66171323072615,9.56486467923385,50.02519392240137,0.9139543303814692,2016.409980883264,895.3330954684582,2206.24807373214
233.00258764984588,10.685712676277104,49.94509819592711,0.9335837671149008,2324.435653863202,892.2423884556061,2489.798704455325
231.37830667769856,9.6669062420619,50.08240118939237,0.9245787768394009,2068.0168122525724,852.1671265562486,2236.712397100357
225.71150206020928,9.70406886758116,49.96819261615496,0.9209541237769536,2017.1841997348217,853.5042075933665,2190.319960197458
227.9724866997907,9.212581476519011,49.98161691918034,0.9220638165966558,1936.5323582730496,812.8627963956121,2100.2151081264683
231.4078305496716,9.983887662806506,49.97663371868093,0.9230341568061416,2132.5317652647636,888.8331659449552,2310.3497845016846
228.47112864171567,9.936524363552909,50.00658881406971,0.9138872775469669,2074.715064090614,921.6322566296328,2270.2089361168387
228.67543686747572,9.333750423249896,49.954716365097696,0.9221944966348495,1968.3314316196095,825.4286229417896,2134.3994556486564
230.4726954744842,10.147276395589062,50.001212559782324,0.9313311064573002,2178.0762515612296,851.6817940690154,2338.6701426160193
231.38249937549588,9.82795070417679,50.00635686456635,0.9254564453180559,2104.5025767102534,861.520024537946,2274.0157976715905
228.7261809615479,9.935189602414109,49.96006498327373,0.9304231130477998,2114.328814804316,832.8193157018293,2272.4379748890588
229.46343791044197,9.534995020123247,49.95549400770601,0.9219695466918201,2017.2073544399227,847.3040506378613,2187.9327377764243
231.98194711449722,10.106206512294257,49.92948862727055,0.9119028761035833,2137.917504928918,962.1795808130972,2344.4574646632336
231.5654175157946,9.662855511900355,50.03596667327157,0.9266891871992615,2073.544130032152,840.9477914754483,2237.583171008003
227.71872812330167,9.347078634175663,49.99072641348454,0.902761735571994,1921.5327400008446,915.557131296989,2128.50485824297
231.21166397342296,10.124268422426479,50.033108889802044,0.9222944024276593,2158.95188209592,904.7102134462277,2340.848948462808
233.28119933639283,9.142495108667282,50.001273239128224,0.9298565536690909,1983.1722298554378,784.6943772396297,2132.7722238770084
230.74270814478166,9.128900653155087,50.03015145454397,0.9154068029431716,1928.237842879285,847.9001233288723,2106.4272590936707
230.65158885453076,10.051427047559763,49.99604921472601,0.9160991158914339,2123.8636868623244,929.5578641831358,2318.3776187750645
233.09283735225765,10.13651829144019,49.972149311252906,0.9173152632197622,2167.3864633550015,940.7563873834051,2362.7498094248526
230.25569023803052,9.35939639424129,50.02279925372108,0.894744137732259,1928.2221808113798,962.4022849631691,2155.0542769673625
231.5683348631809,9.500163868238616,49.99884981942862,0.9405022585186894,2069.045837384716,747.5109962358523,2199.9371278953718
227.602323960952,9.72446326558081,49.98805122282041,0.9243548677110551,2045.884277600821,844.452852398156,2213.310438519101
233.92767430490125,10.404469346554189,49.96334053923457,0.9163709194503828,2230.349056391598,974.361207828708,2433.893316616057
225.13632567679258,9.962972153624694,49.97123996052199,0.928431765554364,2082.49746532789,833.2911712677239,2243.026943487265
230.4108380886484,10.150538215697235,50.03133677673336,0.9376854973517964,2193.053231343162,812.6961178646633,2338.794017329654
233.69146776602852,10.959425838696625,49.98502442805612,0.9176505892251096,2350.2172322584915,1017.7606266074528,2561.1243101179525
226.78541393604954,9.886753314673316,50.0033516337123,0.919905225499668,2062.5852268374897,879.246814961697,2242.171442951798
227.83525335403758,10.398982085125596,50.018827892092304,0.9180320477691496,2175.051760441874,939.4241630437027,2369.254717988688
230.7546168376155,10.37441744083254,49.97999417316237,0.9047765927463552,2165.9851483172715,1019.5487564292507,2393.944721472788
231.31510604279322,10.11661169024425,49.98237482600699,0.8992569621743048,2104.3737938597897,1023.6192881562278,2340.12510592261
230.57620726440902,10.197495650458526,50.02885052939902,0.9119300647825416,2144.2210433906016,964.8456865900688,2351.2998706780345
234.53064214194262,9.84141124284944,50.02448334966431,0.9217864964172245,2127.586933207826,894.8503488113492,2308.1124983684126
230.91810956748415,9.47152818602439,49.995076462705406,0.9079034111412653,1985.7185700865098,916.807197433882,2187.1473834318945
228.29329544338094,10.251032713497407,50.06203706310832,0.9094658168374303,2128.370138380594,973.0227947937735,2340.2420398622266
228.73154224630687,9.212991615816955,50.004076658402774,0.9518884348813322,2005.9161941274133,645.7716456248618,2107.301780988107
234.64266466128558,9.441668686637307,49.97905251613502,0.9269160382346592,2053.5067531880486,831.3773248585835,2215.4182994815983
233.16458611715984,9.643954551372953,49.96755811681335,0.9323815927313746,2096.5799821979376,812.8242617902259,2248.6286715035744
230.9203834560838,9.018708504154006,50.01268372275897,0.8989600948925223,1872.1775533045093,912.2439762323462,2082.603626057887
228.4820993271236,9.8918096054422,50.004591645921025,0.9078263414630522,2051.7796078076576,947.7652089773803,2260.10142479564
225.65322223384914,9.977067241605042,50.04706161049946,0.8862424816896729,1995.2485440990972,1042.8773952539527,2251.3573715119587
229.90719657810587,9.776091405370872,49.993023260679074,0.9323706635053959,2095.5904932270614,812.513527823991,2247.5937685001322
229.95358556578842,10.249898266584726,50.009040729953284,0.9195882585266418,2167.470314432845,926.0267172545242,2357.000858085717
229.1271785994089,9.280498163617132,50.05302144942987,0.9197181395348077,1955.7018592676968,834.7863613133168,2126.414360226589
230.73491123986898,9.671874560791903,49.95948517920148,0.9299316744581468,2075.2719020739646,820.6458961223378,2231.6391183074666
228.35840999483614,10.086878307934663,49.95908990267976,0.9275301895710636,2136.4948283932467,860.9004778254578,2303.423492211363
233.16914522210138,10.143096250251217,50.008992531949815,0.9292653348613383,2197.7655618067038,873.6827451552989,2365.057082576578
229.29715090411455,9.248754488436,50.032533575731335,0.9156667613324476,1941.866453514529,852.395760469763,2120.7130536100162
228.01562641048966,9.4377067127768,49.952608458111435,0.9101563914182035,1958.6061389421186,891.4749510588146,2151.944607992285
229.65372418172535,9.21758009353526,50.02953204187194,0.9395718366670714,1988.9341424034462,724.7079815094296,2116.8515964237085
227.2637214762851,10.415299013957142,49.99129010974677,0.9065608736016316,2145.8473692815146,999.0600190959423,2367.019614200183
228.2727157431955,9.670611936570518,49.97883508538648,0.9064165735850949,2000.9479873312125,932.4302089699942,2207.536849659515
228.04035912339424,9.689169453521366,49.96673562616566,0.9115486099635302,2014.0864177185283,908.5383669691308,2209.521681788434
227.31872080039835,9.826903892717773,50.02970165900676,0.9173751379653258,2049.268564769138,889.1209257626282,2233.8392223210594
232.51352900517176,10.247094401824594,49.946014093444,0.9111822854216441,2170.972053244255,981.6345092469784,2382.588081417376
229.17481621598503,10.461686890372635,49.98858072952442,0.9060879351052855,2172.3958136580954,1014.3802166653688,2397.5551704103286
228.23763904547351,9.13076412820562,49.99266607854947,0.9112171472034939,1898.9619984008048,858.4479238963659,2083.984047302752
227.40016564991961,11.475790181702484,50.05363154629292,0.9264741709364241,2417.723835607889,982.143476438677,2609.596588282866
229.27426332646394,10.496193963923542,50.005309292084505,0.9241379208323974,2223.9445037284236,919.4277858977392,2406.5071388102474
229.1219386625375,10.244768054305855,49.978751167676826,0.8974560548972885,2106.59960079244,1035.4036214608777,2347.3011177505896
227.98928543522746,9.89829159190266,49.99087913769638,0.928569098346564,2095.505995076682,837.5974544751922,2256.704427067408
229.58364454002435,9.579769768394558,50.0431564613528,0.9059446382671914,1992.4970020025626,931.1999359054292,2199.3584572823675
229.70477843985657,10.15889272104634,50.01193488080505,0.8908913828712242,2078.9362026105664,1059.934970109336,2333.546201682221
225.7995248944095,9.82653843936378,50.0119912143273,0.9209612146383128,2043.4542637634681,864.5756663549217,2218.827710964994
229.82755573874007,9.205565936786702,49.994813154092775,0.9059049920519595,1916.6165952859408,895.9556381592472,2115.6927184434926
227.689406588088,10.79102909361212,49.99727572374635,0.8845592749115961,2173.36480168827,1146.014499846975,2457.0030107993366
228.48334592110916,10.224684315436296,50.000603680693025,0.9150293144194199,2137.6641097605034,942.381457962787,2336.1700833779705
232.00987421671002,10.106425391969626,49.986885748381376,0.9206196005077664,2158.660078628197,915.5485124557381,2344.7904839714374
229.8190459455092,9.212521028705464,50.00676981493351,0.9423682393059203,1995.1940925125584,708.371757243046,2117.2127935700305
229.0062993135064,10.659477613106539,49.9217236530018,0.9078088139219261,2216.040766930433,1023.7536830078865,2441.0875207926965
232.3219524328011,11.106380025631188,49.96391186404939,0.9129332171336446,2355.601312525571,1053.025604962902,2580.255892015301
228.3759804335833,10.06735945283979,49.99595374930255,0.8997853960598363,2068.7353717124997,1003.1913521648084,2299.1430854195896
230.34082674150122,10.043677859060345,50.031721752122074,0.8963252694407186,2073.620779964599,1025.7855330393065,2313.469061581271
229.37148761051145,9.897111531919952,50.03935625331281,0.9243649472341694,2098.414912555938,866.0703515846966,2270.1151951236275
227.87476096936928,9.797613197734925,49.977150794409276,0.9307779984615342,2078.08173366363,816.2153593080058,2232.628765504184
228.71705907406889,10.33737567746641,49.97943758820174,0.9323498261483828,2204.386546290246,854.8426704365511,2364.334163493928
230.6086666187988,9.912400848673254,49.95901420106615,0.9386409962701546,2145.6258831628397,788.3922144738399,2285.8855427035887
229.94905384897845,11.230472345938608,50.003273729847,0.9472725119924009,2446.2711011569386,827.4877193612322,2582.4364902257003
229.3253667459129,10.551542490544724,49.99388254830774,0.8980205640411841,2172.973003096553,1064.5714339581557,2419.736351379252
230.4152704279321,9.78996846770765,50.03228182863384,0.9067994022522532,2045.5202163739882,950.9428192566292,2255.7582319677863
230.1071623184395,9.262576798399005,50.03131461300713,0.9453019199772403,2014.8025811702657,695.2508162850448,2131.3852628362115
228.95015270869146,10.696206187404185,49.91060916562245,0.8895963436019676,2178.530742246777,1118.5282363220583,2448.8980400098385
230.2461138005905,9.911588922319645,50.02477786944576,0.9048983293666049,2065.0728489689013,971.3272300882211,2282.104830953081
228.1084385503309,10.100912678102507,50.01854726573826,0.8873987426257877,2044.6584768428786,1062.1978526731525,2304.103418935204
230.6346882961496,9.955268266961191,50.05431046353389,0.9092730631442677,2087.7184072565387,955.6079228314812,2296.0301936551436
230.861821808897,10.268763298697944,49.9898722486189,0.9327791382950784,2211.3072316673347,854.502650377045,2370.6654028617463
229.7071944075829,10.223914276908738,50.005933996960366,0.9108570564942018,2139.1538675036386,969.2802917285547,2348.506664412338
228.62935563693722,10.343452019731062,49.961183652893965,0.9158160512231691,2165.7371564724117,949.7057051116018,2364.8167703326894
229.59949676447278,10.321570451058378,49.97810601894793,0.913715565823758,2165.34816668414,962.9896856071545,2369.8273813820556
229.4457694414771,10.74649407747631,50.02424559409826,0.942811115186215,2324.72481867988,821.8980723465104,2465.7376024048285
232.33442510124385,9.731916262259105,49.99325885053583,0.9228073938198607,2086.52211987137,871.0993130471935,2261.059169925415
230.5201983009828,9.511372831786908,49.95011325305745,0.9237807851407666,2025.4480788891847,839.5802559642764,2192.5635512980984
227.53461939951194,9.493474353982736,50.00001850914576,0.8955214224994539,1934.410517802753,961.2816219849107,2160.0940739124894
230.03133398757072,10.476107549732497,49.93086127250817,0.9074819942302056,2186.880051757826,1012.3491005509931,2409.832994662227
227.90877823221697,9.593607189059435,50.05657691785064,0.9137437798802884,1997.870889163057,888.3417894584417,2186.4672932983494
231.65110783037457,9.062387811288314,50.021957340582674,0.9374307279580059,1967.959741427613,730.9213834129408,2099.3121760734216
229.669124745758,10.058823466837078,49.98479225402259,0.900640368848953,2080.660444312018,1003.9330729405982,2310.201181600563
228.99239264485104,9.813325921176459,49.992681767565614,0.9055236450435441,2034.8718922458597,953.467761803354,2247.1769824939342
229.36735186703174,10.607163209159573,50.03153401363736,0.9214515877279895,2241.8336026172547,945.1794714479537,2432.9369361063373
230.028368064935,10.556249445934569,49.97601783780888,0.8933330253140742,2169.2241561446244,1091.2381395549733,2428.236832934703
231.1030173421274,9.390936382740444,49.925786110021775,0.9193077092068724,1995.149374497317,854.0884337788378,2170.27373371928
230.37188425309893,9.076574102488072,50.03549404417645,0.9164342268319757,1916.2524932231136,836.7825390636888,2090.9874785530574
234.850400804287,9.405354909580481,50.00953012479755,0.9070603783526857,2003.5615595980025,929.9276598912492,2208.8513702215446
231.3979450165595,9.914232894015969,49.99789323320186,0.9545457542690842,2189.855027601738,683.7994747063948,2294.133118090873
228.64952138423493,10.686137986627735,50.06034777720372,0.919565224748726,2246.847587901677,960.0955075009489,2443.3803360883235
233.1099841391,9.454712995096154,49.99677499352789,0.9412879896922562,2074.5874303681358,744.0766638662358,2203.987996326607
231.1483627079211,10.734072970814529,49.96373913428743,0.8905831566478264,2209.682326154721,1128.4838488969685,2481.163392391129
231.29159936956026,10.30558953655364,49.94643135680219,0.9211708639187268,2195.699450335746,927.5964532726347,2383.5962863556965
231.14072336346177,10.0287291136628,50.01463576216624,0.9257697229102376,2145.9783785401705,876.4256650842353,2318.0477017482285
233.81751787034622,10.117194591178512,49.998331116209236,0.929125432364489,2197.9180568526076,874.7069829083016,2365.5773271206517
232.3440630335764,9.444500966515811,49.969360944116254,0.9217124022745912,2022.5814802169698,851.1405368765282,2194.3737278848225
227.66199483360126,9.727938330484982,49.94197997061577,0.9244442676937545,2047.3499372413867,844.496248184817,2214.6818459364636
226.5692308872756,9.510819960005312,50.04369218665414,0.9360528850123874,2017.0621367387766,758.207327068877,2154.859163445753
230.65997799286592,9.90131149119969,49.991354353338764,0.9170756860469087,2094.4507330764254,910.5955903990174,2283.836290660631
232.96211940095097,10.803318757776992,50.00817009320158,0.9086093487634181,2286.755330265368,1051.119053309551,2516.764034375777
230.31223072755364,9.639773134484539,50.046751113334494,0.9237490238013729,2050.868465854633,850.3167326104711,2220.157654310676
228.13640004676066,11.124317535533661,50.00919342500746,0.9212205946642346,2337.930515608375,987.3313498455119,2537.861755533702
230.35230981934592,10.1276846189897,49.98073449849634,0.9185358394137475,2142.8849092222367,922.2974159387456,2332.9355451061397
230.98783934321415,10.602079920307231,50.0024061477749,0.9142299720358867,2238.9048918388703,992.3046396787411,2448.9515333358436
230.78083025869057,10.551574846918854,49.95343545637717,0.9200583133818478,2240.435106398287,954.0274662300909,2435.101203708649
229.6882109953126,10.31827052902762,49.996028439519776,0.932464342858975,2209.926597344616,856.1856112331499,2369.9850983780116
233.51075474762467,10.894416578829315,50.00857268367512,0.9205127995389478,2341.7509061069045,993.958081059298,2543.9634378574683
226.676677774366,10.612427170622775,49.95491775387813,0.940213871676848,2261.768837619887,819.3068376766083,2405.5897341591854
228.296187701622,9.996623418361784,50.061288885414974,0.9133057133647849,2084.3380941772616,929.4786409839438,2282.191016300752
228.6959026918182,10.10624378574964,49.95346979199651,0.9090215865841297,2100.982091907546,963.213926479463,2311.256545405592
231.03666171447094,10.164365576945519,49.972508873090966,0.9542315430286641,2240.8611431498243,702.315611681229,2348.3410913429752
229.9483230301278,10.1334900245925,49.98276537234141,0.9443844390402312,2200.5848232848907,766.2641729765022,2330.179037597574
232.42413382931048,10.505451525451688,50.02065055208037,0.9447694492933781,2306.862904987998,800.2389627490695,2441.720471288917
233.10422706871725,9.974581517882262,49.955678190957094,0.9194041136367763,2137.7222402733064,914.5016250314424,2325.117115059857
230.89733527598813,10.514941871589647,50.04246920168194,0.9488399460179779,2303.661993145791,766.6186502472615,2427.872058731961
228.8161984469305,9.942382176061864,49.99815664172932,0.8994986518829736,2046.3397277464783,993.9914699968593,2274.978093032996
231.74259569756924,10.047109930136836,49.95877420383151,0.9260410672205365,2156.1415463072485,878.7697738616002,2328.3433344687337
231.91233545238887,9.910748917987158,50.03761039025585,0.9559413013542649,2197.1593164053447,674.7207469673892,2298.424927652638
230.2964310870758,10.424485534656984,50.00654754958907,0.9318042261548419,2237.0027326201375,871.3690407100577,2400.7218145503507
226.14812418794284,10.012698189185071,49.987071725241194,0.9069065146572347,2053.5564087763396,954.0441253159115,2264.352913544216
232.6588152853741,10.325890705192329,50.00244149631594,0.8997698539849859,2161.6156434402214,1048.3268608838189,2402.409498236303
225.96547987560294,10.853905921544829,49.987204103732154,0.9056428382174059,2221.186924571647,1040.0071838758324,2452.6080600865257
234.12181106643052,9.978582770652592,50.00276548934141,0.9211229414743338,2151.9309807484287,909.4182629346434,2336.203870141465
229.84421990020442,9.484595616738241,50.083301211985955,0.9185327743230167,2002.382600281021,861.8436389047464,2179.979480598099
233.87603566654806,8.93921232977913,50.03229159820325,0.9209793920806674,1925.4617215702688,814.5476834177775,2090.66754167027
229.72526185069108,10.092687861311632,50.04272925369289,0.9236020679843666,2141.4132907974804,888.8204049951887,2318.545361717106
228.52317972702633,9.975076269548525,49.969315253743495,0.9293459273494454,2118.4776345874616,841.627921266963,2279.536147136833
228.62136373985896,10.169596598169187,50.001333306942705,0.9104822488106032,2116.859431327614,961.494096664343,2324.98704295767
230.38762818169846,9.842326654427195,49.9542757507033,0.9415305984286575,2134.9679849972567,764.0000245479587,2267.550293702993
230.2025187952905,10.666113481277403,49.944440382108986,0.9035365100656833,2218.512997474671,1052.1517014383296,2455.3661891464626
229.5364819656234,10.092200524513853,49.96097124486582,0.9360527429234273,2168.3925791221277,815.0929648159715,2316.528203688529
231.16209492662296,9.68157178450895,49.94884290271853,0.9156505876100065,2049.2373836877773,899.6253214379608,2238.0124158895724
229.06031350951167,9.636791237162004,50.04757292246736,0.9418716385911917,2079.0935037353192,741.6288253950061,2207.4064220100436
228.06486307808763,9.92654626824518,50.01102490716564,0.918878541735741,2080.2458369205924,893.1988793733582,2263.8964155056387
232.89056057441798,9.64138805251454,50.04795352859213,0.9042001896455883,2030.2804979937412,959.0253253856794,2245.388268265607
230.7101839633667,10.02719998296111,49.99188145066158,0.909252708495013,2103.4444418687985,962.9305949212257,2313.377152706425
232.90363714774904,8.775066916452122,49.98859723659906,0.9092112509795485,1858.1959490938534,850.8827440458299,2043.745001056582
233.62836154181113,10.24732035539275,50.03956397721624,0.9115912862542879,2182.408487183268,984.1945003054442,2394.064664824458
231.2259152703065,10.278972452311086,50.00081641065726,0.9206826007705263,2188.2460097509206,927.6801057820285,2376.7648133238977
227.0230096476931,10.384814068792688,50.017983013622064,0.9005363482985493,2123.0970603969713,1025.0354657303978,2357.5917445290215
230.92985218832033,10.52776593926822,50.00068442754845,0.8987927126325078,2185.1227616181122,1065.763810105031,2431.1754322284432
228.36111049584554,9.557735000633155,49.961322378590694,0.9266336460267159,2022.4844754644694,820.5880154996039,2182.6149785695984
230.72111437667616,10.629351779855646,49.99079757879577,0.9220188388924007,2261.173649304532,949.4405795938211,2452.415887750001
228.3691196548692,10.010469928388611,50.00528425730706,0.9017414085718066,2061.4549875373123,988.2181853294296,2286.0822048776486
230.48437313599618,9.541614759061154,49.97121634219968,0.9397289259254573,2066.6453664271767,751.9489376858604,2199.1930964473795
227.82561112716562,9.936395735430365,50.012824042836414,0.892019288484578,2019.3224289012012,1023.215937101454,2263.765430825785
232.44743050927244,10.895492912392445,50.02252251994066,0.9317290519172877,2359.724326005993,919.7349817341088,2532.6293316176134
230.36906484806167,10.004405228483527,49.99831958104527,0.9086420062936967,2094.1522083981554,962.3896628023417,2304.705476846809
228.25972461000444,9.821379792448496,50.024204627733425,0.9160829181233432,2053.697997149438,898.9470896784226,2241.825446714556
228.1118511794478,9.459635180149668,49.99611810334417,0.9146105948883189,1973.5969468445685,872.4980390656214,2157.85489242617
231.56812773954147,10.083729028213327,50.02850280243746,0.8918877823388462,2082.6206283907586,1056.0513238275678,2335.070251696226
227.69301461361974,10.056924193914233,50.05006111378475,0.9183157414645642,2102.8433073422025,906.4505453125607,2289.8913874529794
230.004944820066,9.462427377244692,49.97336774136142,0.9060979934923968,1972.0362821462672,920.7670734796101,2176.405086767047
229.7526086406744,9.695113433320117,49.974776176682305,0.9141351931600525,2036.215668304514,903.0405424024593,2227.4776023725417
228.0656344549225,9.505241055283696,49.98535718554341,0.9335054098323863,2023.670607134081,777.3003035183194,2167.818831920253
228.3423369260132,9.599491877233518,50.02129742732238,0.9395453975701868,2059.4557089629907,750.5840757554395,2191.970408549783
234.1014422090167,10.256932271030042,49.949812211961024,0.9245248737403584,2219.9345840690667,915.1352103178995,2401.162637288338
229.1035681942196,10.43086159211244,50.00688585386165,0.9262390855102429,2213.4776409728274,900.7831996982206,2389.7476100929985
233.6582749694067,10.116305223402705,50.011984591746156,0.945014196964809,2233.7852722434523,773.0182801133332,2363.7584275642744
231.56395823048769,9.903146135525994,50.02363119306064,0.9462299683924943,2169.905651513635,741.8419288881495,2293.2117180773566
231.60081108799574,9.788153966351775,49.96951056948103,0.9142267027532142,2072.501101998719,918.5728519294697,2266.944397661254
228.91848482101514,10.52552605461217,49.995401146083,0.9044607944141562,2179.2869570048942,1027.7831764495038,2409.4874763659354
233.9868551058474,9.719315687563727,50.05394450281479,0.9269176746942692,2107.988863812573,853.424109171118,2274.1921115139635
229.9669009979562,9.73846300297245,49.981508861694465,0.9231817363704504,2067.4878001583884,860.7918721867082,2239.5241572768246
231.40033814394366,10.973227139593751,49.97725990308028,0.9235873350006613,2345.1807844023847,973.5023090884818,2539.2084706322935
229.19224922846456,8.677507765821423,49.97980236703386,0.9264584478698134,1842.556795034329,748.5850620064161,1988.8175225460802
231.0355664671275,9.781224717929938,50.0171626606763,0.9190557725783157,2076.8921546542824,890.6535803133844,2259.8107934492123
230.9712862543695,11.16420071146322,50.03802475466715,0.916948603726715,2364.452654133442,1028.8790688888655,2578.6097983286068
228.66093365443197,10.095528923895046,49.95687626125781,0.9077010405307533,2095.3852531772022,968.6672363240042,2308.453069473164
229.6548238656368,10.001010493989646,50.05990519396189,0.9326147341177824,2142.0111520528353,828.8473845736931,2296.7803034755775
230.52911565857073,9.835045459188292,50.01332638330431,0.9057368167326426,2053.544778909775,960.9585802395244,2267.2643321685186
230.39713626390898,9.874463854380467,49.98661422128768,0.9065011717575377,2062.3338538387766,960.5328527442721,2275.0481941907406
227.63028457784105,9.679287169350728,50.004626157701736,0.912385659975602,2010.258314494664,901.8799921979796,2203.298892869952
228.89768548004162,10.077176101861795,49.97418033163523,0.9170240200564101,2115.246381839829,919.9627053167716,2306.642285890953
228.90369421756716,10.254065840199615,49.977851111710144,0.8871569492283609,2082.329070460967,1083.1542876495746,2347.1935515718537
229.48584796135606,10.580945445950022,49.96943683395149,0.9256850647832988,2247.7274037677284,918.5674809131785,2428.1772378966893
227.78392795506923,9.606191507773001,49.997796633698655,0.915868516704994,2004.0449041097984,878.4892298948832,2188.136034329163
229.20550612246112,9.815159346723517,50.03609413919571,0.9386231057763176,2111.609668602817,776.0175579695731,2249.6885657383687
230.0502898431125,10.45037661249827,50.03899490092672,0.9250366649498537,2223.8919026764,913.2689224873068,2404.112168674911
225.63501083184119,9.56089888134327,50.06238421925196,0.9075159919636294,1957.7602208482426,906.0926934968385,2157.273522654027
233.45469519662404,10.903865941525762,50.02647662566372,0.8963619202492841,2281.7418842992115,1128.5047929826744,2545.5586998437466
231.22989389236534,8.969886706933782,50.0098155389226,0.9238535775098673,1916.1702034008397,793.8559375135577,2074.1059514708368
229.65025010537016,10.09942980097771,50.049118460569936,0.9125738244233956,2116.565852676654,948.404534622544,2319.33657971616
230.278310567704,9.204741696274695,50.007521782195646,0.9204916803180145,1951.1223690177217,828.2799394984579,2119.652367030239
228.2780276368776,9.193128721298839,50.10857768322388,0.935049814330391,1962.2855281302398,743.9842228763569,2098.5892923100296
229.6560156417306,9.499125525557849,49.97912889962693,0.9518635707068646,2076.520192130844,668.6873656924338,2181.531320280276
227.23153028776628,10.00074921103838,50.013317944317116,0.9168263828721069,2083.4747044129117,907.3718744398531,2272.4855472484223
230.3581713167782,9.380898610048542,50.071442551774815,0.9209534635360791,1990.149720091995,842.0694450114372,2160.966649118888
232.04018937732818,9.973414865936908,49.983709052002666,0.8613675190145933,1993.405201571579,1175.5893943934952,2314.2330742306603
232.8504402231373,9.815656524614013,49.995487023905945,0.9204178496859688,2103.688576270015,893.5155561952391,2285.579942835483
230.8202867297666,9.795661413572555,50.03126719164758,0.9158679949832169,2070.811768311901,907.760230866302,2261.037376188528
231.84299948901005,10.51725061731251,50.01428559249607,0.9421039679601574,2297.1800859569303,817.6300557427346,2438.3509294953747
227.4772348186921,10.078851841456581,49.985391497397856,0.9049389069719126,2074.761890516317,975.6429919156453,2292.709347041826
230.6669563604003,9.455843804680764,50.00385270181182,0.9139547474242384,1993.4730464762213,885.1461087161481,2181.150710245059
231.83303801478743,9.347667851830819,50.0263803826432,0.9335144563271088,2023.0175320006174,776.9908825803092,2167.0982364431006
231.17632877586186,9.541457321449045,49.99986246152018,0.9261259363796478,2042.8106885253394,832.0442215788986,2205.7590747441586
230.7123389340296,9.829540128081005,50.0455064704526,0.9279642310501242,2104.433750968218,845.1379552901022,2267.7961935954695
231.97239685615125,10.412129342974653,49.99959744660577,0.9381241540689358,2265.876223487203,836.425444867746,2415.3266000660938
228.3171340489618,10.475582789136286,49.99589250921011,0.9331249274982546,2231.806248207949,859.9610696923213,2391.7550399082265
230.4345397385476,9.54211492061935,49.944357660376376,0.9074214128630701,1995.2680203486677,923.9975501034031,2198.8328598652474
228.3062437992485,10.657461525909003,50.003016582582454,0.9099111766836603,2213.9640367825778,1009.2845024453268,2433.165009415292
230.40014944913838,10.43240638734076,49.999584805421264,0.9392864880808952,2257.6952940915103,824.7663165950579,2403.627990757457
229.59240130623573,10.425734359780408,50.00788005633199,0.8998273144928827,2153.88909632665,1044.2293307466362,2393.669387042914
232.07241403201772,9.751027202447785,49.99582482873575,0.9211795201684987,2084.5780569769495,880.5974007303502,2262.94442216393
230.5227139510743,10.271872897734102,49.99459190460015,0.9140461166618561,2164.3698158644097,960.4445815440289,2367.900017746151
228.5723063137289,9.903702064009693,49.980710511607136,0.9320697989719817,2109.937609103316,820.0947526962519,2263.7120218147325
230.20186587526237,10.167401352008001,50.021369419804,0.9168276228316484,2145.8852588588065,934.5443014117016,2340.554762334907
230.15827413931814,9.617681613801414,50.01094032605845,0.9129176151859815,2020.8243922092904,903.4628067662798,2213.5890014539855
232.02477759424914,10.337675343682594,50.04273908009981,0.9375075319051048,2248.7025870594393,834.6276964401724,2398.596822459507
226.85110167766067,10.11952290116596,49.99650501756387,0.9351996472657422,2146.8676141121614,812.9287879575426,2295.6249185818147
229.7665431624901,10.204367548843146,49.940702774315156,0.9235296001940747,2165.3280554814423,899.2263004911616,2344.622256857182
226.60129147388423,10.106525981776244,50.00744382083993,0.9020164072293323,2065.7545345323874,988.6625573616469,2290.1518397848627
231.34352144864258,10.39397756190162,50.04264876818913,0.9263924122391002,2227.5840839474677,905.4673381849419,2404.579371028497
227.53725587179767,10.139177045300695,50.00254155343046,0.9147165242984103,2110.2880874122475,932.266140556098,2307.0405216860418
229.32792156892978,9.781921657494042,49.97637235241875,0.9328349042026159,2092.5984684847517,808.2585630225475,2243.2677626632094
229.62311567099218,10.5237020694599,49.97873840343985,0.9115879197992572,2202.8387691853404,993.4295934228566,2416.4852575826503
227.90746394909652,10.346519781516074,50.017341603460544,0.9133428240993979,2153.707209840992,960.1774509563039,2358.0490841044884
230.1918484072519,10.073852908544952,49.989446370338214,0.9096037597135613,2109.297278598568,963.4570523229396,2318.9188216007333
228.4891953084348,9.34362781927857,50.01376627436903,0.8815578855704275,1882.0537994347264,1007.8434253229931,2134.918001688466
230.84320886713198,10.789412428574812,50.01251998095448,0.9300221870348444,2316.3714661445056,915.3269099793741,2490.662586803125
230.1535807451193,9.689113875765711,49.967277820881016,0.9111512497802648,2031.8529388877548,918.9142518576642,2229.9842527547
228.927126444563,9.76759084505687,50.03477868732212,0.9349235776763997,2090.5512962581643,793.4662500791015,2236.06650444509
230.24857587926954,10.447740932951831,49.96256961877753,0.9256553146214906,2226.7355707349852,910.1932030349064,2405.57747096771
234.2544969051591,10.427420834105401,50.013187756985815,0.9204246604775347,2248.2939092935235,954.8886366974086,2442.6702215117352
231.29438523060935,10.130921518867664,49.97952539985417,0.8848037878355979,2073.2945898047174,1091.8581337333403,2343.2252645260473
227.75754507481426,10.494127808380574,49.98041997282525,0.9007732430493073,2152.9532497971322,1038.0031605459444,2390.1167873381005
228.83901930295517,9.890750231389099,49.971947075105945,0.9125915804620688,2065.550276862286,925.437441828088,2263.389583121558
229.14636096408032,10.271833149567495,50.030476782030185,0.9099203834708837,2141.7280021956576,976.2966907108571,2353.753186653599
226.90558991313947,10.677766313931162,49.96713713716857,0.8945855201964329,2167.441933389916,1082.7616092269704,2422.844864417199
231.74230985878359,10.624751645695376,50.00770904725448,0.9117763421493728,2244.9798017374133,1011.1956441566831,2462.2044880493586
228.76272913366293,9.66992272824828,49.98238622540181,0.9310994396877492,2059.701750086353,806.9041859848257,2212.117913825712
230.08134186791983,9.0101124025956,49.99511413175209,0.9226577726699168,1912.723770706502,799.4125130954885,2073.058751969983
228.66743306833496,10.174813344026788,50.023954898518745,0.9086463358866742,2114.1005883783423,971.5306011541544,2326.648449328047
227.88469632530396,10.719852545442135,49.93583954984115,0.9033812467777237,2206.8613228702247,1047.6050422322148,2442.890341970118
231.05452926801934,9.182849949603922,49.99093365090679,0.9328103342872663,1979.1801334373915,764.6062326091608,2121.739072444589
232.26616072547472,9.539083545839334,49.944407791128135,0.941461938989207,2085.9090145620435,746.9236325644642,2215.6063120316503
230.61587918934293,10.516075092579706,50.00269381963846,0.9062695678105298,2197.861305024568,1025.1215265204537,2425.17390309642
234.34796802551983,8.954826684552913,49.95108727097133,0.9311099757729441,1953.9765915115786,765.4204290901666,2098.545437545678
231.2225877302942,10.635120164436914,50.053274412625555,0.9387125422671005,2308.3692433605415,847.6472783514432,2459.0800052437353
230.02613926363546,9.381342130913387,50.01639182485886,0.917242382083669,1979.3667861975414,859.5767620129649,2157.9539114852932
229.4545551603162,10.262314848488776,49.935632845127756,0.9051413811518103,2131.3679892007062,1001.022921621868,2354.7348884751
231.35449479172618,10.05607587287214,50.026245175644206,0.9380676625958443,2182.4316335310073,806.0271785324782,2326.518353155601
234.1486736820366,10.535340913754377,50.00759935846841,0.9316645339007538,2298.2637069405805,896.250124812103,2466.836101743683
235.51638698429912,9.691848244018457,50.02723382497045,0.9157606607725034,2090.3052856668273,916.97149808267,2282.589081631351
231.10910747521143,9.872474687473469,50.020080348608744,0.9340456913931536,2131.1362222386706,814.8882210503482,2281.6188135936104
225.69835981752036,8.76145839080434,50.025659177976365,0.939178753426515,1857.1760097099173,679.1119715972875,1977.4467884139906
229.25046842041257,9.308266996703088,50.00856438568178,0.8924924492110944,1904.5115651760193,962.5329942634108,2133.92456917645
226.31015055318676,10.1249919617042,50.00429471524741,0.9130669368491141,2092.1910379237024,934.4504874361784,2291.388455203083
230.3889223222717,11.048188415757568,49.99995480622402,0.9114883131517894,2320.0843255367895,1046.9809934337684,2545.3802227197925
230.53985913922753,9.40490441062568,50.00069201314212,0.9260032470034473,2007.7651831985283,818.5312193534814,2168.2053380435436
233.14193391598891,10.084752634733501,50.00693299797366,0.9036824387226321,2124.7189307012663,1006.7824476332452,2351.178732326133
231.89817055710333,10.268979932593858,50.00763203457957,0.9218000410380935,2195.1355885817516,923.1706515575936,2381.3576598561217
234.63727731227647,9.780836645572194,50.03766504528527,0.9439196395052061,2166.2473198258676,757.7353844064862,2294.9488803531985
230.23477004785389,9.432070696471191,50.01756291207374,0.9203961154032736,1998.723578144281,849.0641396584707,2171.590627877146
229.66013041291018,9.851707304090393,49.958420176902166,0.9165710987051725,2073.782792138692,904.7275953114728,2262.5443842472196
229.3598962619541,8.458791485841004,50.00015287669754,0.9220522825100852,1788.8805834457678,750.9484110028995,1940.1075376939934
232.9978741963767,10.746158171795566,50.02890674124874,0.8959862839646718,2243.399138138222,1111.906039344954,2503.8320098063887
229.59053498414275,8.986792616471638,50.02965982346995,0.920981015038739,1900.2440338244928,803.8702558648116,2063.282524607267
231.57831236383132,10.098931505482932,50.00184297714087,0.9199775592653424,2151.5455515396416,916.7001120499765,2338.6935147176637
229.2578911684752,9.234496757716222,50.02710493109157,0.9108632747242852,1928.3715626699834,873.7368864357924,2117.081252676143
229.84484290452002,10.840686219181785,49.994663529455,0.9350208701634511,2329.7688943400576,883.5300198896902,2491.6758210250327
230.90101565595774,9.236261981469033,50.01835751344452,0.9385346651397684,2001.5774716697383,736.1630206425418,2132.6622723857085
233.71887574404752,9.82450582611213,49.985908230274866,0.9176139660237751,2106.999914409901,912.6660453295499,2296.172456419772
227.4955409907967,9.426153634698931,50.001980833339964,0.9380828984097773,2011.6323975182604,742.8461665353971,2144.407920588198
233.51808530214953,10.579211037907065,49.98574226506649,0.9322701690487968,2303.11481804295,893.712273348997,2470.437105579424
231.38677695249902,10.153571484592405,50.004083383777456,0.9443157245399924,2218.577422198202,773.0490455791781,2349.4021803766373
225.06698440496945,10.43598681398354,50.00684107631343,0.906077704941622,2128.191762913446,993.8022201623384,2348.7960815133
228.82787359006676,10.394517430794222,49.98839790810044,0.8951191277760348,2129.090364017284,1060.4242714124655,2378.5553206835257
227.208388948419,9.595701433243738,50.01847580500101,0.8946329995238066,1950.5002146161191,974.1278189532179,2180.223863477345
226.16628743664626,10.18698201176886,50.00167474665337,0.925507530085476,2132.3248340573823,872.5738752701234,2303.951901785661
229.75091591332503,9.645170045418515,49.993337606086094,0.9141996918670678,2025.8543145081994,898.0596520062696,2215.986652074671
232.88775512759491,9.77007999879526,49.96263483621145,0.9264775420848463,2108.04399724575,856.3213230615448,2275.3319983364436
229.66609243873327,9.955083461731538,50.016762399257956,0.9043231498230861,2067.594819196411,975.9229809688557,2286.3451185573404
231.1557779052935,9.908817715421941,49.96894677908225,0.9412001941297855,2155.800660313343,773.8373752262999,2290.4804671301117
227.64284114712024,10.00675226649173,49.983357192786634,0.9196708318451067,2094.9784415655877,894.5346411358995,2277.9655165995623
231.5005366909692,9.570328848339594,49.981140929458284,0.9266755328587131,2053.08324865838,832.7365215227258,2215.5362646996814
227.73247610145273,9.55287027898737,50.00420626496813,0.9188889285419064,1999.0417636824027,858.2698100102269,2175.4988025097696
233.1802689608367,10.587037838878178,50.04576407812662,0.9302089478797958,2296.395974806988,906.0836613476666,2468.688330768169
227.6503099988293,9.441863969666867,50.04098857815794,0.9370072253047087,2014.0438646852738,750.8219746568427,2149.4432596614392
233.57327986654818,9.638564211141844,49.970677180704236,0.9377531197828965,2111.1739663664107,781.8861519478611,2251.311056000729
230.79657114971155,8.685476059665199,49.954260699627575,0.9064839557988214,1817.117879788992,846.4135770323144,2004.5780933736353
232.64313731519513,9.97625039716843,49.989339979559674,0.9315341063229777,2162.003274529191,844.0067467320748,2320.906191039225
231.63882520683194,9.671886561612485,50.000749759354846,0.9174874862305639,2055.5246886564055,891.1457211369953,2240.3844406656613
232.68751073742405,9.963261365788505,49.97746328138604,0.9316925988302909,2159.9676287079474,842.126794948208,2318.326486031675
229.63766461679208,10.024659508610823,49.96087173165833,0.9153810243866302,2107.243182444029,926.7748165617658,2302.039398135908
232.1338031775944,9.499488200029706,49.98403191244331,0.9295029437842677,2049.6955767562886,813.2925766101717,2205.152324113576
231.19168313336098,9.120256778850525,49.99101451015027,0.9541928041985757,2011.9417825643611,630.8554084692394,2108.5275153108983
233.3380662831776,10.58396960295357,49.98053401583334,0.9157678483166529,2261.619656909964,992.0751376016422,2469.6430007531167
229.134979311376,10.35483233063246,50.00326750362337,0.9221305083258777,2187.896908227278,917.9300123725959,2372.654291852236
232.67902747530218,10.174867259865026,50.01693156233722,0.9412831573011364,2228.467372554372,799.3036253851318,2367.478218715687
229.1480963859202,9.968730180417621,50.00572854374589,0.9313577285026117,2127.5149364549957,831.7317480778222,2284.315544227569
229.5761871819306,9.52618280283139,49.98178419371588,0.9334921483668228,2041.5330705731774,784.2479931141286,2186.9847262721073
229.2699880393683,9.711171359305796,49.92095944482924,0.9087291391633332,2023.267382255312,929.3023834758013,2226.4801413962955
230.72291055923247,9.547988988631896,49.953038044716976,0.9461036661703669,2084.2094300682365,713.4527704415231,2202.9398094446537
228.7158958938992,9.684388174009323,49.999308106947964,0.9413557912600776,2085.0781480948535,747.3665761413056,2214.9735174028247
231.5855458027774,9.619587064839216,50.01331114669193,0.9073914388316544,2021.447920695838,936.2964190515083,2227.757320808127
228.09143914940728,10.277187620787394,50.030487198755516,0.9210014476317405,2158.9549656113127,913.1806136738767,2344.13851483387
227.79723253111234,10.1171464497788,50.01141306909117,0.9117630300337961,2101.3019269634256,946.5614270941504,2304.6579623715793
227.46983324903866,9.99059101110666,50.02872775938222,0.9407142692236634,2137.8278053637873,770.8517771256286,2272.5580713557765
227.8110938885432,8.90646462602831,49.9895980588865,0.9191472094732238,1864.9418285175818,799.2485701638442,2028.9914491351242
232.33653382369073,9.810599360236257,50.01549060679847,0.93738273760406,2136.6333261685304,793.9036482380368,2279.3606500902097
234.0447399077202,9.80418318126478,50.02850001854087,0.9215601730596851,2114.628102863362,890.852103396034,2294.61750266676
228.03291636844887,9.808435576093357,49.995224540025795,0.921956552798733,2062.090592196897,866.2381178363995,2236.646169428615
231.5269329861537,10.530208366318082,50.058281150358354,0.9136735174930496,2227.560564820566,990.933315401572,2438.0268467587616
228.02578257968648,10.40729308713437,50.03162204961458,0.9358678028633783,2220.9370359403033,836.1759031170891,2373.131150729976
230.10161864006884,9.960192768981045,50.00623477934873,0.921554214220308,2112.0699957900592,889.8125921431651,2291.856478109648
230.350222637983,11.043834137326472,50.01880353404803,0.9399546961477812,2391.197422452403,868.2480753481195,2543.9496523101097
231.2202837070784,9.040304343862145,49.99585185591946,0.8871170925791407,1854.3423979314603,964.7671301179284,2090.3017351861386
231.25854162813027,9.935369195117996,50.00887957494185,0.90161861033615,2071.594073758961,993.8022563328759,2297.638990600038
231.7034845454238,10.483864626168469,50.04937148514591,0.9228270777556651,2241.6835183330427,935.7429355179099,2429.147965385741
230.6466389198727,9.838449838946646,49.98910666969561,0.9082470803627445,2060.9991679718983,949.5133071401026,2269.2053875348065
232.75155197561526,9.353106600345917,50.01379241053731,0.9316044222174393,2028.0563187020443,791.2643085764713,2176.950077023883
231.53182265323633,10.04405047288463,50.006644843863185,0.9450027961982767,2197.620363211137,760.5889240383787,2325.5173128080787
228.48644789673517,11.024721976591623,50.01984462605754,0.9283199190833267,2338.437470941147,936.519618221257,2518.999563480493
231.3554536853988,9.689349503807842,50.02653787061102,0.9339401021591596,2093.5984442229624,801.2440572985354,2241.683850369857
228.93375306400094,10.579612908306865,49.99352128730643,0.9092105809004125,2202.1357479195176,1008.3798082497981,2422.030489063041
228.32736011525435,10.312218880163224,50.002327826384146,0.9147872438041372,2153.9230205689328,951.0922593190461,2354.561713838353
230.93823921089023,10.04878904872088,49.95463454005575,0.9273636968046106,2152.086237590011,868.2969652746957,2320.649649113277
229.71836622021942,9.7799006722311,50.00172654800341,0.9148864361985841,2055.4047308361783,906.9869993014685,2246.622804220954
232.86444245079068,10.129923595562058,49.97559065854945,0.9284446945547273,2190.1072709638565,876.2617655451645,2358.8990101496674
231.00863280640556,9.75352184249662,49.98260980478917,0.9485626008913483,2137.2516860268374,713.3232053922617,2253.1477458825575
228.25638403744082,10.234305686170254,50.01016821692751,0.9235028594427718,2157.3447997547564,896.0873297704522,2336.045609059042
228.6543362731946,10.248261290936233,49.966878162092264,0.9134243829359271,2140.4359275905267,953.7467726635925,2343.3093834332967
230.91665803184966,10.39603622256761,50.048366226326245,0.8948777242614611,2148.259520125842,1071.4231350163623,2400.6179412933666
229.91735831650703,9.74542299036809,49.96367008714595,0.9266694094870239,2076.3343152616535,842.2066126688691,2240.6419096223854
227.0093010420655,10.494875273202904,49.95981317949343,0.9078990992155003,2163.0099551765315,998.6897060758897,2382.4343002934474
231.49550295236682,9.79971381195242,49.93745381134645,0.8998009670935699,2041.279185921416,989.787053276022,2268.5896776871814
230.55590405602535,10.119478025657415,49.955592070206094,0.9095397426331246,2122.0520894000333,969.6781732559846,2333.105404780528
232.9950202505811,9.805091577935398,50.02582516717639,0.9175194569672172,2096.107616293625,908.5397619172843,2284.53751075986
229.02017030628795,8.848328516946657,50.00841601310275,0.9327726536112371,1890.2131366045408,730.463201653314,2026.4457038771077
228.93364230667098,10.203362998938697,49.97618331729924,0.9129677032634154,2132.5949176056606,953.1187136866822,2335.8930551241533
232.1004652012234,9.611815621478591,50.011117828799726,0.900782992396284,2009.562972577855,968.814819180824,2230.906877173567
232.0403087185935,9.934770262983799,50.00254601899289,0.9211269559897853,2123.4437207941232,897.3535749020413,2305.267158871063
229.59133910115528,10.18270627934836,49.97666890368825,0.9368484906178824,2190.2217087159283,817.6329974362765,2337.8611703493325
227.80029888459632,9.481118266961406,49.96110397534701,0.900475344584523,1944.8480674589212,939.3129604990729,2159.8015749740143
228.3166893546184,10.462717537222114,49.99513117650729,0.9233168940983518,2205.631427211422,917.3972413331871,2388.8130297510593
233.08868771143995,9.767005381324763,49.936677296127634,0.9212869855579352,2097.3821134360733,885.3235496547833,2276.578467203561
232.97623142244655,10.621154871445937,49.97991724782713,0.909287005038204,2250.0094487522533,1029.8019708609872,2474.476635303634
232.914690704447,10.843608426454061,49.98409840948689,0.9580460813770151,2419.675388022462,723.8830842706261,2525.6357027676827
231.94173769013466,9.520427413088418,49.98468701537341,0.923426283772956,2039.095586168749,847.4478616522497,2208.1844777445212
229.69505839714998,10.792343282609073,49.94775713287541,0.9124179186022645,2261.836501983413,1014.5336027209194,2478.9479205409802
232.58610181016934,10.578475044249686,49.98447507045822,0.9093841610568595,2237.454495011502,1023.4238682535225,2460.406273638193
230.38263519194734,9.742132375367559,49.967136034638266,0.9349527693228195,2098.4249452511663,796.2571739382003,2244.418129025964
234.7815065079244,9.866421700714753,49.994490479062364,0.9355331715617733,2167.1189499892157,818.261316900055,2316.453350736287
229.3752566115608,9.967808628496053,50.01448608471116,0.9139344368817912,2089.591055623961,927.9498256404511,2286.368662016212
230.7027356448167,10.16989409918333,50.00642579366019,0.9169342207542079,2151.331598798732,936.2327995090882,2346.222389899673
230.30809921902292,10.388041851400208,50.06098547756212,0.9378283387662549,2243.7075717041757,830.4180663355452,2392.4501734036417
230.64944352083103,9.32397196721469,50.01026140073353,0.9274096136565974,1994.4583150196274,804.4145819217653,2150.568945641897
231.4833164370007,10.30681891388027,49.966180830422815,0.9264105543987909,2210.2827578490746,898.3106150546438,2385.8566241006106
228.14882366180981,10.028034422667012,49.99540635267269,0.921456140116205,2108.184996645987,888.802786972718,2287.884257171615
231.49079519623427,11.565110189637805,49.987727415250575,0.9398897942171948,2516.288516325338,914.2103594878652,2677.216554331327
230.75173727004636,10.659543436585034,50.000138731988336,0.9448163145758709,2323.9724048023563,805.8017907970469,2459.7081664975167
228.4029030324544,9.736205385883528,49.976770403541565,0.9262278475660769,2059.724716439352,838.2844350408882,2223.7775746560155
230.2813479630503,10.152196575625238,50.018552588696785,0.9204735440468791,2151.939671644716,913.6476891697156,2337.8615122208435
230.31059744576984,10.20510913722682,49.91683255044001,0.9183813798105944,2158.512884285627,930.0229698774175,2350.3447823939937
228.29381297045765,10.464704093312296,50.03733561832477,0.9438951662223609,2254.9912251757487,788.9648485678962,2389.0271990698197
234.90674416928368,9.163594608083054,49.97331788208074,0.9149852587072248,1969.58827749689,868.5427309690439,2152.5901742719934
229.38756106829982,9.72320023202508,50.03113612430225,0.9269298402731375,2067.4068774168645,836.9163892206809,2230.38118700296
228.51236305094628,9.979892437237528,50.02488914688423,0.9058106635271302,2065.727308987643,966.2206321483561,2280.528803827415
231.89751517372704,10.283915438028085,50.00021247215109,0.9202800771153591,2194.6972133766035,933.0830816979322,2384.8144363354436
231.12001321994785,9.56157629925436,50.04010430597638,0.896629927684658,1981.4370493817476,978.4885730814261,2209.8716406872077
229.43844719457525,11.009446982711536,49.99630369335427,0.9064824038274223,2289.765868133738,1066.5832700698013,2525.9904201843365
229.2840208576702,10.137710883034746,49.989835469057184,0.9329232241469051,2168.5008419933097,836.9645861063282,2324.415113554769
227.78144692427574,9.847689295519354,49.9999446680765,0.9274595088782125,2080.40382365881,838.7558506310156,2243.1209165941
228.30792113632813,9.77036356605654,49.97506543525356,0.8904703711573456,1986.3289751941877,1015.0383471300605,2230.6513945124902
229.25430346572375,9.725446368714325,49.9801698652688,0.9327454371507424,2079.649630692644,803.8504245662537,2229.6004331528547
230.12424417030596,9.315457515332406,50.06970115021893,0.9517777176433164,2040.337904572091,657.6663527403139,2143.7126198164665
229.20350349301583,9.459265938208661,50.00160719158881,0.9120373948243898,1977.3854424833248,889.151815777763,2168.0968935095743
228.2156949565073,9.663671210787529,49.98911181558937,0.8898815120233814,1962.545969114551,1006.085898899282,2205.4014412010683
229.89061741177085,9.303157180200202,49.99949354582752,0.9107650242870725,1947.860942694042,883.1262658108077,2138.7085480349733
228.11838168769947,9.491657038827979,50.007624200572806,0.9316711040108975,2017.2742524441196,786.6311007442545,2165.2214432321002
232.24930814836682,9.8289789899974,49.96949034128231,0.9128212966660217,2083.7643303738514,932.191712262093,2282.7735702317295
234.47219988039384,10.616549464487218,49.99518717770582,0.9299225655529365,2314.842952049534,915.4482201548486,2489.285708077335
229.10471458418206,9.28095031870026,49.94966963258246,0.9295866628513214,1976.5889279721675,783.7653911354475,2126.309473835797
227.1925929949756,10.194175059697494,50.02535694266173,0.9045907157982025,2095.0692450392085,987.2846977692907,2316.041065257384
229.48183306663532,10.334007585557758,49.97997860242978,0.9185109473381211,2178.2184041112887,937.6674962005391,2371.467003658309
230.37906516613958,10.090796347196946,49.96512110345253,0.9421464096409755,2190.215511649896,779.2460225543674,2324.7082292491286
229.4079877863017,10.040040457536763,50.01336523457703,0.9184325935009496,2115.394087083758,911.1200368239874,2303.2654786565686
227.92099636630095,9.561071966834374,49.99593483598587,0.9336429210275146,2034.5657563311938,780.5894742635908,2179.1690490107994
226.84532247781902,10.240802486011436,49.99290807452383,0.9213934235944458,2140.468922876563,902.820494761361,2323.078142370915
232.11274919850368,9.513406667136692,50.01344651098231,0.9168023194846813,2024.467274016452,881.818751694155,2208.182975752472
232.65293823186252,10.249348613080617,49.95030058507776,0.9265191641515875,2209.3229988724024,897.1777974274049,2384.5410697958705
232.0026949238369,10.172299292936863,50.01792831247269,0.9200925010895652,2171.4190842204944,924.415042326997,2360.000849533193
228.1406083216322,10.466793630226261,50.0334198502404,0.9119170645909037,2177.5673658522314,979.9336496660576,2387.9006659768042
231.65271043654272,10.512503247167835,50.01338360824743,0.9258931000091385,2254.78105206019,920.0023586460567,2435.249870679386
230.23829755331312,10.039809470298245,49.95182714256389,0.9250477442236442,2138.292855281258,878.0437238934466,2311.5486402010984
230.1599676521142,10.76173853761913,50.02320318507266,0.9355330476066096,2317.2418201291707,874.9456769468015,2476.92139369893
233.82610810641035,10.118135110393666,49.983913598365085,0.8975300283764855,2123.452072017065,1043.2445201117425,2365.8841541581755
228.79823651206326,10.115169389222944,50.00920051314164,0.9226232877264813,2135.257445952515,892.643543703579,2314.3329182750135
231.48591595335185,9.600920058915344,49.96187889261634,0.9320329576356927,2071.422532825093,805.367087535764,2222.477773832927
228.20509694763084,10.745773854140378,50.04032486930034,0.9337946975802123,2289.889049246104,877.4342971216216,2452.2403641614214
228.99875304788972,10.061741289279862,50.033598737697055,0.9421907239755898,2170.926340739683,772.0598479811587,2304.1262087355544
231.15295227318353,10.151945666860529,50.00316433741995,0.8880023719688628,2083.8327306300257,1079.0819041358154,2346.652212211764
229.63641664823763,9.449698886416702,50.02839032690403,0.9536714608709717,2069.462292845986,652.8430730824626,2169.9949906815727
227.8484517832399,9.74712378088074,49.98456571534817,0.9355428905680137,2077.716391511627,784.4393584801653,2220.8670628132763
231.84593694724833,10.27005436487324,49.9847514568647,0.9360668897209323,2228.841141745947,837.7131393081099,2381.0703767232135
233.25182186610874,10.542287702131652,49.98472256824001,0.8841073579558677,2174.0269008847345,1149.054593744762,2459.007813158881
234.12898544824574,9.512403795769513,49.973092286140904,0.920797003824871,2050.7341245773882,868.6743560194038,2227.129449877558
225.98588951929614,9.153031760896125,49.9755586988195,0.9314527443118066,1926.6690403080681,752.6331998504629,2068.4560242844805
231.55905224345588,9.430195388813155,50.001936585869565,0.9161860689530466,2000.6270586719984,875.1034560136155,2183.647106704182
227.82148139311235,9.638391295616977,50.00650190185713,0.9225748991206381,2025.8200239444097,847.1918106839034,2195.832583213939
231.19149858729227,10.17970842349636,49.93790614455359,0.9254145111647916,2177.927928482889,891.8595957100672,2353.462045609806
229.4609367443772,10.766745331927787,50.01526368518326,0.9035020428456005,2232.1446856875323,1058.836579207661,2470.5474695523003
231.8757412182461,9.560060778086008,50.0054846048031,0.907032996504763,2010.6619292380833,933.3821449271474,2216.7461790101756
228.91247659240722,11.04634593393992,49.968483040512695,0.9106814025235745,2302.7912546231537,1044.607619791184,2528.6464050346544
231.5115289752594,9.702844481479179,49.996109863176535,0.9339998465882741,2098.0628728576366,802.5505262605059,2246.320361316403
230.58515940172205,9.367097825589033,50.053874475262255,0.9292165031649067,2007.0274974943493,798.1654034094239,2159.9137452449713
229.34263786018155,9.954525357633434,49.95122173772374,0.9285701967992763,2119.92307030734,847.3499593484154,2282.997104165719
232.29202270643478,10.017329122833749,50.04256024815279,0.935037422384728,2175.7812570504175,825.0163343072995,2326.9456440591275
229.69687518112457,10.373117517747078,49.99241397285862,0.9334248747185968,2224.0459475566117,854.8384185377708,2382.6726797130873
230.05097370673573,9.492610484178464,50.009463263928765,0.9248938182108334,2019.7685854136967,830.3304549212511,2183.7842849040235
229.00869951771622,9.82476078716824,49.99496376439305,0.9162050073346225,2061.420670322139,901.5794092431086,2249.9556909420526
229.47212922451126,10.668272624313332,50.01689449535022,0.921445808640848,2255.764978052733,951.0925989339435,2448.0712342487445
232.16577651532964,9.822543480277863,50.03527822503781,0.9299900077818716,2120.8035572043877,838.2618582656407,2280.4584344542986
230.39947611435366,10.470589934409581,50.01277842146281,0.9238379467444291,2228.6836941372103,923.4347293711742,2412.418435496192
228.30399312127983,10.12549730692803,49.97704954462473,0.8978526056532037,2075.558207570522,1017.8288500269524,2311.6914675104344
229.20365178237677,10.118123534009403,49.9767845181433,0.8996162276828724,2086.309766312508,1012.7125726035434,2319.1108631801626
227.95213349838673,9.877074792374342,49.989896831083094,0.892080761121809,2008.5200759949123,1017.3989274332365,2251.5002716448666
230.12684817748635,9.419611800408248,50.01665613671434,0.9436809849483416,2045.622531795249,717.2000529316197,2167.7055746834076
226.54490047213807,9.806042803737283,49.9896527345473,0.9164138175054483,2035.8215350633263,889.1191565016416,2221.5089909981884
228.5294068508136,10.571392831052076,49.99572499253705,0.9166469049604544,2214.503547033467,965.6199397102854,2415.874133267274
230.23230426193328,8.889308162543655,50.01698486796731,0.9024179747282214,1846.8939527497473,881.804084580975,2046.6059015568378
227.92903238415948,10.23416543156458,49.97383230413666,0.9108859044257734,2124.7902327603238,962.5929133273133,2332.6634240759286
230.07205444884872,10.825390711566046,49.957046540773916,0.9126562977789598,2273.0799199702724,1017.9857907474247,2490.6198812214843
230.92591670997132,10.193707417522813,50.02082386733098,0.9202717285105824,2166.311578190384,921.0694096645262,2353.9912300646897
232.12140483623497,10.074559504423208,50.00316476251883,0.9134624067650915,2136.150934401117,951.598239729294,2338.5209052729583
230.85456478092382,10.30058321856968,50.02692556404484,0.9089800548406839,2161.4969918990996,991.2181866490852,2377.936655912591
227.55778918290338,9.633914121231198,49.94287470510955,0.927992450616246,2034.4120500016209,816.8384195090402,2192.272198605325
231.5663782805197,10.716340661248333,49.989457045561586,0.9333333719044077,2316.1080113716685,890.901382372453,2481.544195345546
233.4125452011319,10.650567636752578,49.9520318863363,0.9282393805461318,2307.580915052648,924.7418504177493,2485.976099931224
232.6808994116321,9.645080288252391,49.95500779133051,0.9220353572682581,2069.25568147044,868.7525930539929,2244.2259563679704
230.13240166560976,10.182673578029574,49.94159635761944,0.9246818504044533,2166.8653514165057,892.213701198535,2343.3631258888936
230.78646292736053,10.576101971589667,49.99286747941637,0.9307544370517777,2271.8051299155836,892.4737609832558,2440.8211655822633
226.11388456438436,9.698455780883073,49.98658962948825,0.924949339274637,2028.3727508576571,833.5213592506316,2192.9555108913814
235.67400552917437,9.756945846810208,50.02253517110894,0.9257302897696624,2128.6783922655427,869.6193069264391,2299.458509449004
230.98214292034356,9.678240285397818,49.986831120929125,0.8914806994495654,1992.9057105566674,1012.8129752198416,2235.5006808191856
231.0143872413001,10.096636902029836,49.978381828900304,0.934743712390613,2180.2601592105943,828.7788698287773,2332.468387120321
228.5293385031073,10.851815427843938,49.991683171641135,0.9303052753804647,2307.118197376614,909.6143707332501,2479.9582012829896
230.39783387927503,9.804181642471963,50.00130729245792,0.9106854544573464,2057.1129613525845,933.1370549343176,2258.8622133844933
227.57842163339146,10.202910294839178,50.04273843468156,0.8744559131697514,2030.4535942809955,1126.3954709902928,2321.962220966581
230.36796797697738,10.032133394366033,50.02278578968194,0.9184711071218614,2122.662212678626,914.0054674547043,2311.0821845340797
227.1234540147045,10.576687490306895,50.00566753221701,0.9135613355326302,2194.5696426421946,976.9827018312249,2402.2137948326185
231.3347449291027,9.595984309825385,49.95770413697983,0.9186382070237521,2039.2707928118132,877.0759339438547,2219.884582657127
234.8488547227153,11.260911263983242,49.99389777454261,0.9303348178707,2460.3747289336106,969.8089626277579,2644.6121134805885
231.72917178049266,10.294967743523124,50.00578211056587,0.9153844189831605,2183.7816660475683,960.4148028759087,2385.6443487135007
230.71440577069868,10.002681977200876,50.02313861770622,0.8956584939860706,2066.967379436277,1026.3601341025499,2307.762828483177
228.94848917436903,10.685936649688767,50.014829341580764,0.9053878171214894,2215.0575973344703,1038.7609155314292,2446.5290513592618
232.44270355168592,10.708671517904817,49.99423774531047,0.9244859157454649,2301.186483000824,948.9052812439792,2489.152559068732
233.8731170275285,9.835946489247315,50.034224041372966,0.9295077443287376,2138.205654890014,848.3800124598841,2300.3634643562455
233.57236440469015,10.578987597159962,49.971701527243006,0.9281462334243937,2293.4114243765007,919.7299278150485,2470.959146076544
230.4506073352383,11.090335221276561,49.95380581328668,0.9192858345150813,2349.4872823849405,1005.928794605879,2555.7744872945677
231.86106161331466,9.86732799459056,50.007230446341644,0.9142863306199813,2091.749198982725,926.7356660729314,2287.8491441125466
230.9123007399345,9.903073611687402,50.001877662344675,0.9226262492858288,2109.8077443688903,881.9852747256532,2286.7415120716705
228.46688017261306,9.96625889588516,50.01239920517964,0.914483324023667,2082.2420198251,921.3117620178872,2276.960076935434
229.7846977722253,8.756582095487365,49.97546888841471,0.9170565368686245,1845.2356584405527,802.3507639148014,2012.1285703292435
229.11275454987353,9.366405162264991,49.97873007401047,0.9223956582042704,1979.42684959635,828.8703513171099,2145.9628869566873
230.52307606939817,9.76411221749867,49.95373292551836,0.930832136990333,2095.1664788158346,822.5676139741454,2250.853183464586
226.15844603385358,9.951851632254469,50.010376021913764,0.9138650682980447,2056.8318143360143,913.8228615948337,2250.69530031014
229.24652442749814,9.853569072861836,50.01997241071315,0.9238283810997958,2086.832662633029,864.7211512644246,2258.896463159861
230.5965284229261,9.957727687810868,49.989533622298545,0.912842114873956,2096.0839802970295,937.5747756676983,2296.217435790037
229.18988736392907,10.246005255187837,49.92099643185737,0.9224643063007987,2166.205210285133,906.6298347941773,2348.280790366726
229.47807285961457,9.730640574168545,50.01335866056108,0.9024040155874559,2015.0398734176401,962.1659344717679,2232.968646649771
231.21827364195494,10.335691256103619,49.99675901985433,0.9298518711360649,2222.160642432138,879.2891521017932,2389.8006891325276
226.8201846998815,9.918884048475173,49.956878936066325,0.933015549137912,2099.101285893955,809.5602718986302,2249.803111891847
231.05994197303778,10.01920926388532,49.96557325471226,0.8927239447092863,2066.689776174685,1043.1653267914223,2315.037911129065
232.4903707311516,10.186437867265095,50.003222619474236,0.9071948187607914,2148.462964864739,996.3477657633573,2368.248716190303
230.3007014831323,10.669312765579646,49.948623805007905,0.9133685782193004,2244.2837976661885,1000.3886299588753,2457.1502142559307
229.26013061638864,10.530884519782497,49.98038580676218,0.9213848127008114,2224.510373537162,938.3260844153004,2414.3119605114402
230.65794705221006,10.31638728556035,49.99966236443171,0.9226468267746127,2195.490449718022,917.6665146813564,2379.556712282872
231.42424003197144,10.808950271081581,49.98925711986599,0.902594771006161,2257.798489807999,1076.853565285623,2501.4531020284267
226.99471727311453,10.334556428824396,50.033368887260735,0.9203008872699572,2158.9243858795967,917.7385518809912,2345.889714704042
228.88658047357177,9.723917609443372,49.98806242113151,0.9224935121878525,2053.170056267305,859.1382828651244,2225.674250432242
227.3038480049359,8.79379567159479,49.97056622292855,0.9051416512782511,1809.254694807236,849.7370885312181,1998.8635947226453
228.62010867460305,9.226528967393255,50.000865979457444,0.9017604903618043,1902.1465753450213,911.7458175062695,2109.370055214819
230.2432202300673,9.546624737930689,49.95798094446735,0.9135281564183729,2007.976564779255,894.1111069901328,2198.045621989184
229.483571705485,9.518844448838927,50.013281365817605,0.923540493267945,2017.3988675378978,837.7264794522904,2184.4184226284856
230.912656591334,9.6832429800867,49.94711989198498,0.9274184345740055,2073.692188346891,836.3147125572606,2235.9833609512057
229.80838839424788,11.06923881132177,49.990019207054175,0.901664492447354,2293.657681215156,1100.033129393966,2543.803931980916
229.38383038786714,11.005147441522697,50.0151386542335,0.9184791830261188,2318.6114894502593,998.3239112898747,2524.402874119712
228.98517561100428,10.129303341876577,49.99259312811474,0.9062432494457069,2101.9952433618296,980.5672344611004,2319.4603045567405
226.55134650360128,9.654371903743879,50.029744298605515,0.9157827266556142,2003.010011627828,878.5457600715883,2187.210954439712
230.7152660210011,10.499704511942706,50.032783181996805,0.9120312699501602,2209.342962733014,993.4935812101627,2422.442119614767
230.05351331100383,10.29867023584914,49.99683735277448,0.9233249491019226,2187.583268506822,909.836575248471,2369.245270188559
229.2080930125589,10.612693879239885,50.053625901844995,0.9171340694599485,2230.942679762384,969.5491580118393,2432.51532578663
231.76362246805402,9.93444296503216,49.978889826179774,0.8934162985563713,2057.039645963075,1034.3255334114738,2302.442488778129
227.7915631638863,9.692799899555544,49.94541490244612,0.9203298496834263,2032.031284973858,863.6198514480857,2207.9380405545176
228.628190457541,10.007116821895385,49.98188961693337,0.899306771220864,2057.5320652481914,1000.5445725498754,2287.9090106871604
230.7735678020422,9.245577771590037,50.05300112245255,0.9250365397460102,1973.6903085653425,810.521280232682,2133.634968741088
230.91063625343654,9.788013698836714,49.99454224488176,0.9265925180667679,2094.2440755551183,849.9700140318804,2260.1564708557385
228.86128604339854,9.570251320989993,50.00580056039036,0.9049094910071998,1981.987084468834,932.1835519164148,2190.2600250803034
228.22050060074935,10.281745252578602,50.05270945023706,0.9402354841878612,2206.2673105129747,799.0434892004671,2346.505048592867
228.0826042133044,10.199483574451992,49.99418449785972,0.9076640286533828,2111.5213174975606,976.3527466494694,2326.324775291833
228.52596709918137,9.131612612805544,49.97424001542867,0.9330237590847237,1947.043873790797,750.8652665308854,2086.810603516469
229.32536088535454,10.8324367965879,50.00206602129494,0.8960188457343606,2225.8474356479064,1103.0035019939835,2484.152477645314
230.41822313993313,10.55716860520284,50.04678244887712,0.9171386777199042,2230.9985592267594,969.5427765636905,2432.5640313995245
229.4884388603278,9.977306995835336,49.99673921793763,0.9091980361680939,2081.7694740938973,953.3387745731748,2289.6766065044785
230.84067341329444,9.742711934724776,50.00535589893796,0.9169490307485645,2062.231376051848,897.366452981697,2249.014183883608
232.62173156134733,10.341751231691775,50.008954753996804,0.9241215666658051,2223.1741117795664,919.2207139510424,2405.7160788928372
228.29176604696048,10.389095792059011,49.95906085956822,0.9275203285205254,2199.841725682625,886.4935703671896,2371.7450260001974
227.34321496038177,9.435050048863756,49.98934008457249,0.9232990049166961,1980.4713902764938,823.8537220408317,2144.9946114207933
231.6763960152375,10.030820771340336,50.01572832288519,0.8994385844365347,2090.2092887398367,1015.6558544138987,2323.9044053789135
231.20664438763308,9.550877769040456,50.01376535882759,0.9358171683141591,2066.496176584946,778.3684124727667,2208.226399936287
231.313300187869,10.366833885678064,50.00354870765294,0.9130691077963888,2189.527447564638,977.9105744219964,2397.9865585956227
230.0554817416919,10.04627182315747,49.9813901327997,0.9202476804111366,2126.876350608157,904.4567349528587,2311.1999039844773
227.58910102883945,10.464250730909656,50.012267823490454,0.937751363665876,2233.3012132307167,827.1295639656281,2381.5494167881047
225.20149279770217,10.55235523012605,50.02773183178299,0.9050319989718291,2150.7236086256635,1010.7888754582494,2376.4061503560265
226.48962167026812,10.787578692973259,49.93686870594088,0.913888769536293,2232.8812332869174,991.8831844882865,2443.274616909759
233.39145596801478,9.423259591260788,49.96705427315519,0.9043505855497188,1988.9457271768308,938.6435889571658,2199.308275968915
226.45848887373006,8.870037346447257,50.004826316945,0.905336537362377,1818.545205628156,853.0826205264422,2008.6952537299962
229.59609174491976,10.600929787061206,49.98297343992936,0.9348599027263061,2275.3854776091293,864.0868836109563,2433.9320479715575
228.33194914099633,10.063879144970024,49.995741515690554,0.9082220788662551,2087.0081842786044,961.6469602738557,2297.905141090429
229.25129410146303,9.885616876686925,50.01786504199172,0.9186942095705674,2082.027924618444,895.1157350494401,2266.2904619717406
229.2607825570062,10.738535319544892,50.00130163230244,0.9273711070985887,2283.1181229287727,921.1115002678207,2461.9250108749125
233.0876364604046,10.3390926832237,50.03079647074579,0.9003666146156948,2169.806718952955,1048.6312751644764,2409.9146766776753
228.87135327912864,8.736156242263235,49.9669244047062,0.9285038642353297,1856.5025310266635,742.4434354436771,1999.4559016246938
229.0831838902542,9.338928388180543,50.012136499207855,0.9008073543834538,1927.1795514232363,928.9643426205929,2139.3914492874783
228.20286742714475,9.960857112376987,50.02758009205175,0.9074241750637895,2062.6624033609623,955.1910489450447,2273.0961550764973
229.56746350065865,9.622829107554818,49.98333213971895,0.9328016234916754,2060.6413111796714,796.1339426255943,2209.0884699216663
232.1694207164191,10.187582303307948,50.02795722161227,0.9027518317333251,2135.2293301472173,1017.4379612247965,2365.245081859849
227.99020573552875,10.442251452233462,50.02151058227641,0.9355686115354234,2227.337249377652,840.7432087137879,2380.731056936831
230.89642634967342,10.178181727109344,49.96778911665501,0.9246463856131351,2173.016822245438,894.9832975015134,2350.1057875270944
227.25161418653244,10.570947773761283,49.95529195382745,0.9226178787859681,2216.372587901251,926.5902103444843,2402.264945068783
227.68925838625526,10.199825011257975,50.02185919367864,0.9250691381220582,2148.3718637709376,882.0410415680723,2322.390592482906
230.15447534298409,9.847200894413005,50.05256031093616,0.9127420708397028,2068.61796071818,925.8974294668735,2266.3773554505888
230.70584231371535,10.409982192140161,50.011823171003996,0.9648710061460767,2317.2763829767587,630.9696309662935,2401.643710108473
227.8882942266877,10.635906441659815,50.00813068723389,0.9386592101929802,2275.120857526125,835.837677607745,2423.7985765444946
229.88889901771807,10.676847490293518,50.021633405978065,0.9023850064817972,2214.893814564934,1057.7146306665238,2454.4887145236635
227.80451816306714,10.027987575850617,49.99432019043456,0.9149912818380858,2090.225187292521,921.7035388991188,2284.4208778618736
230.43643787961588,9.45881100210487,50.00897127886507,0.9033915357099365,1969.081619308938,934.672267874151,2179.654713901566
231.838109793302,10.912555710258136,50.00292722346438,0.9130245057013447,2309.9029598559337,1031.9770058815532,2529.9462888803505
232.2503672273757,10.329246987201765,49.96307878514179,0.9115479723896395,2186.777520923446,986.4420310373048,2398.971405959874
230.64434056659914,11.008369155110206,49.98900776621132,0.9235133074131943,2344.816951852512,973.8819705547763,2539.0180444940834
229.34934798027396,9.822408269781647,49.95774901636797,0.9373463824995792,2111.619185192871,784.8600166508984,2252.7629322704715
230.14884732207034,9.971146707030654,49.98827373404542,0.8983221220831725,2061.512654342831,1008.212555452574,2294.8479211023623
228.7087045648401,9.985151769066205,49.98250592293527,0.9090733936163535,2076.0428418720567,951.4679593244691,2283.6911259864532
230.23034733614955,9.471536361151097,49.965083324475366,0.9163443274429536,1998.2126098212098,873.106999453739,2180.635106234787
230.44291241212485,9.255599767966594,50.0149956531599,0.9263095101079446,1975.7138517181054,803.5939863821386,2132.887366651209
233.64014483232557,11.07946813888292,50.006620477037266,0.9142558585659347,2366.650523808213,1048.7418532700322,2588.608540633742
230.68217526298804,10.784589370153883,50.07661461036684,0.9404640120520144,2339.698158111181,845.5907635226177,2487.812535225196
230.3087261951791,9.518773321792722,49.96407529563478,0.9066660453763571,1987.6445845112573,924.8015055948711,2192.2565586827354
231.83968100689293,9.424590925065948,49.990746856981175,0.9156578995897174,2000.707157381535,878.2769051113282,2184.9941536877473
229.33058140449202,10.42050420399573,50.009423181902264,0.91383463654717,2183.8274471887594,970.4413033400564,2389.740287630294
227.1169171780611,9.861098825911721,50.01112060721687,0.8937171225335743,2001.588855903911,1004.7638484760179,2239.622365329268
230.2402247136258,10.007605695504001,50.058942596694635,0.9362839995807534,2157.3419461858957,809.3198039382922,2304.1533841782025
230.76730650607797,10.488284817048164,50.01696947405836,0.9279541349691597,2245.9767944518203,902.0521221739655,2420.3532370987978
229.20036464323212,9.32551532387682,49.999095002394846,0.9304729227201488,1988.803537294985,783.0635125869659,2137.411512718616
232.6073137798831,8.932124357082047,50.02541664965588,0.9276878991626896,1927.4362315564551,775.7146203279073,2077.6774530487205
232.64405352680805,9.975486804735802,49.99719418079338,0.9131290056581113,2119.132895753777,946.0968122149027,2320.7376861569232
229.50190756935925,10.570459933830582,49.98774573854066,0.9479756827285243,2299.7328090681813,772.2806339279199,2425.9407186996013
229.52770477237758,9.834059967326043,50.02823209746932,0.9432479562986251,2129.0891120418214,749.588350890819,2257.189212894269
228.03950330988806,10.201114537168182,49.945201701643676,0.9202424712964868,2140.7205754551846,910.377656320302,2326.2570922631107
231.08764678910367,9.768955819762079,50.01307368144995,0.9222084498864728,2081.871753535906,872.9539398636824,2257.485011975538
227.68567061707978,10.198657654006364,50.00178030018571,0.9256388751471173,2149.4151162405565,878.6969334042636,2322.0882073464527
230.86256641470874,9.995812449608534,50.02267982262207,0.9312689500837537,2149.0510954046717,840.7550533322986,2307.6589155167226
230.49216600893487,11.196704985680757,49.993094452895065,0.9319616324287356,2405.1625777629733,935.6697645354344,2580.7527843125977
228.32008354397885,10.340904923761617,50.025743909792496,0.919830848987473,2171.7540023477895,926.2703981077597,2361.036276113595
231.50603838853837,9.542166819093957,49.99806286918687,0.9275958389431713,2049.1234330421603,825.2757443003949,2209.0692379310026
229.2581757668829,9.964085454141253,49.958527475405155,0.9249598187260684,2112.930162306696,868.200531480885,2284.3480544017566
230.84120603749176,9.505415172143431,49.998504804268315,0.9102950274005466,1997.407128391015,908.3284282339179,2194.241502224662
226.04063542338204,10.287646036497293,50.01126113263763,0.9312976068529991,2165.6637125784987,847.0578401473164,2325.426047100686
232.42829499609923,10.294900862288843,49.95601414877042,0.9419762728935681,2253.9855569670635,803.222630140918,2392.8262545756675
228.83129450806908,11.017847128746157,49.98073852766351,0.9076557147404863,2288.407203103583,1058.1985711445445,2521.228221162995
229.50177606996468,9.79304707685261,50.05810207703266,0.9063927604421511,2037.137395346217,949.4340483685286,2247.5216972744497
226.93868961295394,10.203808003144104,49.97684637029546,0.910286751179852,2107.895335902053,958.6242147207506,2315.638817295695
232.08178100259846,10.431932183507016,50.01433751400325,0.9295048466685507,2250.388305797295,892.9114053831969,2421.061400446634
230.0326862916251,8.821885293098427,50.034405787199304,0.8970933169142158,1820.491179063216,896.6379054638195,2029.3219721280118
229.78220226440789,9.725961029326553,49.95321013874277,0.9351259652491198,2089.8688298494944,791.8428274778332,2234.852744456463
229.27925502724761,9.959765559988742,50.06069910521954,0.9174499213055505,2095.058940457946,908.5203062822566,2283.5676278402566
229.6814564786731,10.053259034210866,49.95896204443153,0.9166696545810704,2116.6334784590063,922.8009455050083,2309.0471773349304
228.57248822209365,9.667345296597565,49.992437459376426,0.9048965151995723,1999.5400286529853,940.5136347599088,2209.6891689454596
228.1674353207873,10.903461175178927,50.00166623807782,0.9031502137354857,2246.8704434818665,1068.0803117179717,2487.814772460353
228.80831039532058,9.085152228047448,49.98471639554059,0.9100535810505087,1891.7814632504028,861.6258433547572,2078.7583309838187
229.0153850641419,9.696197757960467,49.9829489934407,0.9147442018098836,2031.2612738737105,897.1880229232967,2220.5784631973856
233.31845302371198,10.04476208429515,50.0352226857012,0.9339784086726554,2188.8982773191588,837.4474173414085,2343.6283504989815
231.9816359717396,10.44335348141315,49.994651708630045,0.8969922466667303,2173.112820668849,1070.9305811054762,2422.6662256493846
231.4023256786964,10.16699796280248,49.98849946154749,0.9000359220377281,2117.484788978549,1025.3292436480658,2352.6669737630623
227.8500996809257,10.296570197078003,49.99250950442904,0.910992989170999,2137.257463274355,967.5723797295637,2346.0745457758717
233.59680694161227,9.985302346375262,50.018190295773856,0.9490712513984769,2213.7416688549365,734.8919360611726,2332.53474445985
233.02220677730529,10.397770652061633,49.96099723706665,0.8983678643732458,2176.665796497849,1064.2490157129232,2422.911462907702
230.99917054620616,9.397328630001885,50.00666116267074,0.9194517720492094,1995.9230297750562,853.5548464887494,2170.7751188805514
230.9204871155882,10.72945306016488,49.9935730618534,0.9012219556777746,2232.913053552578,1073.709192424706,2477.6505271371125
235.29048958380685,10.225021951755961,50.014085848872156,0.9292919810169114,2235.7375037929005,888.5910547167124,2405.8504210338324
230.9850553749368,10.111699990178485,50.05441697406067,0.930779085487652,2173.9756436663733,853.8724811237923,2335.651582166125
229.1136321854628,10.114972064311571,50.01158427487003,0.8873937573945918,2056.5155004346207,1068.385804134644,2317.4779891089124
230.1295787754614,10.227710536724098,49.990387443468414,0.9091651323798249,2139.900806217818,980.1643704159204,2353.698717653665
230.17603049230212,9.8733341918593,50.01384053986169,0.8959843678868611,2036.2184397009821,1009.2310786373646,2272.6048720060953
232.35420357854733,9.351974628117674,49.994532549536345,0.9358982094090487,2033.6793091772834,765.4735580309125,2172.9706166030633
231.0203965116982,9.779737565036907,49.98834126997386,0.9076016534781263,2050.5615240443767,948.5352404225405,2259.318850055176
232.4254470083745,9.306024947453714,49.97483566910861,0.9355533233858869,2023.5616174399697,763.9249963866496,2162.9570082830146
228.0640628777152,10.567477062461979,50.002013026648235,0.9209317372288855,2219.50235723297,939.2587186870692,2410.061753232142
228.29436303940685,10.08324698560514,50.02082842861724,0.928387630493871,2137.1004651092503,855.43454398268,2301.9484479477446
230.85589703053054,9.040315952995176,50.013655912438615,0.9053835178030288,1889.544680720652,886.1335554099318,2087.010248768117
225.42501124602413,9.580422194704118,49.9746200966,0.9293311557111121,2007.0456255216754,797.4512285745553,2159.666780982835
233.60278275945467,10.095939072810927,50.05771248877138,0.939042258114925,2214.6743180036783,810.8355943053892,2358.439461978541
228.01153333630563,9.896697665019559,50.04638734728391,0.9290879632183813,2096.54385807416,834.6090963401679,2256.5612095669453
227.3209506386079,10.369874141286145,50.009340817327555,0.9156354481531847,2158.41796309011,947.6530906584137,2357.2896477998843
229.82334978195559,9.11402249176958,49.9875953462308,0.9080122609450149,1901.9362645358237,877.5256087065575,2094.6151790465706
230.36309243832622,10.015064242092418,49.98828109859116,0.9322812915026859,2150.8672581869764,834.5572749938926,2307.1011697769113
229.7204639749639,8.57026886327819,50.03489987803494,0.9463674820950438,1863.1762544263345,636.0930416403326,1968.7661396624524
229.80431316438722,8.93370664475299,49.95587641943199,0.925447181748284,1899.9470616071974,777.8353932646569,2053.004319509583
231.53835311658653,10.032145020354301,50.03966169375162,0.9211312572993076,2139.627943588326,904.1650575775809,2322.826336239599
232.0059696499159,9.192463949803873,49.97418011122451,0.8809888303393618,1878.8906155927707,1009.0624963737313,2132.7065121461433
231.45282303656754,10.736640745712162,49.97857077011051,0.9262112249304043,2301.658799949584,936.8671451105943,2485.0258105245175
227.4753820924666,9.56920919164166,49.98178408347559,0.9161947463358202,1994.3356336872846,872.3000492311141,2176.75951719143
231.6793499685653,9.763547543017863,50.01758446078699,0.9245793904000199,2091.409997933137,861.8028102440271,2262.012348153561
229.89740116450963,9.453509535300892,49.98186860504239,0.9228806767319208,2005.7309742415898,836.9218396846675,2173.337274049586
227.95276278647793,10.236175048263485,50.037941869528645,0.903684234244571,2108.6246053194054,999.1454428211755,2333.3643826176703
230.6566652392711,10.611417663928503,49.99935114036831,0.9394667077124512,2299.43327599726,838.6441646999053,2447.594211822845
229.7230830403488,10.279564426490058,49.98850946155475,0.9237628813829901,2181.422842180845,904.3537760520795,2361.453232365191
232.79736044598673,9.005248556564545,49.97410862052121,0.9311818734181535,1952.1279047205978,764.2523226498964,2096.398094128258
226.89214007369628,9.886364194044493,49.990058029589484,0.9378792666355901,2103.7929314662047,778.2832819357242,2243.1383295347187
227.4411201736998,9.5712787939518,49.94193162559963,0.9097626058890005,1980.4643732530183,903.6950793770261,2176.9023703911757
231.01138918422149,10.42578268426743,49.93798799876504,0.9131694440209385,2199.345357749402,981.6463788336177,2408.4745412254206
235.24825279639794,10.16160492226878,49.98327228769687,0.896530493712771,2143.1559691157972,1058.94844204822,2390.4998035710073
226.56128348313985,10.407745061827022,49.946667323217284,0.9202421843661067,2169.923781840041,922.798692776527,2357.9920793728406
229.97372037546674,9.616595971029563,50.00878532455751,0.8948000953481919,1978.907993758928,987.390519924387,2211.564352805393
231.25652244723008,10.188951266238385,50.00288131194981,0.9192697799268823,2166.039932838456,927.4906845104938,2356.2614372145904
227.75625710859512,10.238765663683028,50.03096139980593,0.9432203077499147,2199.535942212154,774.5963707142328,2331.942944972447
229.60796425075762,9.531434667837377,50.022658756113564,0.9074985548307063,1986.0545165093151,919.2880002644989,2188.4933104712363
229.54358382054446,10.687995708159521,49.979614033521074,0.9192924703848717,2255.3561461627887,965.5817204562668,2453.3608387095346
230.31320190596594,10.966025183802172,49.98281408509509,0.9293513844055618,2347.1887894454508,932.4500262701355,2525.620372262937
231.38307748643612,10.359268354460177,49.98536221895191,0.9439091803296741,2262.5119753287267,791.4884017662941,2396.959392362845
231.56665222962454,9.979156320604176,50.01803110463449,0.9323506215100444,2154.5129435417884,835.4966520172595,2310.839821238407
231.65590078795776,9.605461634421975,50.021322879513185,0.9318460205473393,2073.5082312161458,807.4087881844608,2225.1618674061915
230.43321061818082,9.794862286398999,50.04776549943629,0.9423255847171458,2126.886858244188,755.4331187456157,2257.061564217857
226.6673191273424,10.181445501494172,49.96088783018395,0.9250297754657982,2134.7846007634166,876.7211437660538,2307.8009566648243
231.45528424488072,8.972717259000078,50.04237528487349,0.9012365307026159,1871.672546991814,899.9270933609769,2076.78282363081
232.10789384812574,9.840844949380365,50.03164075951883,0.9347305992282728,2135.053489734337,811.6847060298984,2284.137794886642
230.3300513858934,9.977036767793779,49.96832519867484,0.9577318117808123,2200.8786133831495,661.0519527081797,2298.011391404889
231.43143926981267,8.941053433066111,49.990894872020604,0.9332394950138837,1931.0972995439997,743.384809796362,2069.2408646027898
230.50808762531472,10.063300434955417,49.997622667729104,0.9026974325609679,2093.962083771568,998.0990039456373,2319.672138460571
229.0051225781594,10.258355762380642,49.96920362110269,0.929695118606291,2184.0546652434027,865.2867283637587,2349.2160188143466
227.81427146670427,10.275355160339863,50.03530058334965,0.9409294544375947,2202.59593129896,792.6256735485691,2340.872549914466
232.98501563039193,9.502418843310359,49.96577761576616,0.9170141239383892,2030.1970121948395,883.0329459287448,2213.9212027351946
229.53881711309438,9.910856578597137,50.02086386397827,0.9197222974594165,2092.300439166483,893.0669195568369,2274.9262956287166
230.61539629700613,9.80009462582622,49.98395182759512,0.9392613169864151,2122.780080986447,775.6564710853492,2260.052705883074
233.77427666759266,10.290167765880732,50.0039649617126,0.9425507878655048,2267.378050094249,803.6138386247701,2405.576526256946
229.670916349018,10.961101131305934,49.976700797238294,0.9202157885934269,2316.5936859013873,985.3571775680215,2517.4461410212916
228.91307512260892,9.630164313423682,50.01593290463882,0.9154229199463461,2018.0228466904352,887.2846748943723,2204.470526921823
229.26253930180178,9.444695538523835,50.035516879156866,0.9268476201232905,2006.9169452867125,812.9409039656063,2165.3148820943725
232.16313506135353,9.222402845433933,50.00001783172795,0.913360129621489,1955.5971613388372,871.7553180353138,2141.101957394689
228.46473848064406,10.299108117428707,50.02502657201926,0.920625472647511,2166.2161257548732,918.7148063650454,2352.983042632228
232.90988721667446,10.428028458358549,50.067449645954596,0.9122220072086773,2215.59653919655,995.0665141035515,2428.790932128561
232.63436118187363,9.120294999865521,49.99720215862356,0.9027553742824195,1915.3706620613068,912.655828420801,2121.6940010839517
228.62656716383606,10.273140158252689,50.00308644938439,0.9224812798209928,2166.643560501794,906.701356600059,2348.7127683742597
228.77630677052616,10.081019479546354,50.001435529704885,0.9086581784742678,2095.6369077166282,962.9736673338392,2306.298405012347
225.63151166913124,9.50465789506575,49.946881943091846,0.8934225650904242,1915.989655687726,963.3689593760198,2144.550328761628
228.8624777162479,10.554800106526054,50.052883965418054,0.9083204277389724,2194.136739905394,1010.38420169433,2415.59770417927
232.20912073892416,10.029205872279636,49.99587145276446,0.9058880302686549,2109.698244751605,986.3179641065583,2328.873077311709
230.25524107895595,10.693535962984091,50.015290233781755,0.9265561844841104,2281.406202445267,926.1883495154489,2462.2427011433874
233.87093764725614,9.716447725200682,49.988990907402886,0.9110868280492674,2070.348915827383,936.7140553743017,2272.3947400932325
232.49012398941778,10.085442808593047,50.006003224889426,0.932724953194014,2187.021616813526,845.4959103975225,2344.7658490579793
229.12795423420985,9.27877417649436,49.950898216969414,0.923851619289268,1964.1330661221425,813.7383904061543,2126.026544861368
227.99167733240353,10.646962282772341,50.062297289573266,0.9194717768590651,2231.943067419302,954.3542961917774,2427.418789344102
228.17871536626873,10.141622073313746,49.98901833704997,0.9090168936331139,2103.558081039987,964.4235780935223,2314.1022964189256
229.09696507844788,10.603580300908307,49.992131448867234,0.9590195358367689,2329.696352595343,688.3030367511558,2429.2480659037083
227.0310212388722,10.206872958651322,50.03261902518917,0.9061578817750289,2099.8186288340517,980.0680865284542,2317.2767914580386
228.05469360152256,9.267412190881885,50.018517822416904,0.9333492437236606,1972.612017400805,758.6739842946454,2113.476847670583
229.681440440373,9.242044294562472,49.96950926362292,0.9278104011727228,1969.4873044942549,791.8873812635587,2122.7260461888395
227.9870379626033,10.08631227259513,49.99757205106697,0.9083631079352223,2088.8249850601833,961.6305408283179,2299.5484589948173
227.2851836148531,9.496193951446177,49.990137135602026,0.9226908226698983,1991.4843724898196,832.1295685906885,2158.3441858967017
231.66057305023594,10.783134807504418,50.01557507335026,0.9310555267456496,2325.802020078632,911.4739707223374,2498.027188784419
228.54107527211124,10.54190463211662,49.94054283165652,0.8808259084312982,2122.13706031229,1140.6399379643588,2409.2582200399825
226.24960360514908,10.992266279726348,49.98424888160513,0.9291382181147811,2310.7629283092774,919.5233757870611,2486.995888510333
230.92568566285965,9.988608557113954,49.978016768598934,0.8973790738810795,2069.918154819004,1017.8229842831483,2306.626279869447
232.71085734734325,9.147507961691208,50.015361551667674,0.9349189964173247,1990.1848987290393,755.4016988955726,2128.7244203568093
229.04854513396032,9.94159772690631,50.025191346224915,0.9226421508707854,2100.9562801972465,878.1832437958617,2277.108495654977
231.1266700358049,9.635690605945417,50.05862490328818,0.9059049716973626,2017.5093312074669,943.1198139742249,2227.065083247451
229.89097553639667,10.038768778054322,49.980265150781015,0.9198856609446631,2122.932685538424,905.0971222039069,2307.822347571229
227.06830499865126,9.993945258252209,50.04777082055037,0.9338341169900987,2119.15742850168,811.7459857516938,2269.3082100406373
227.91257724600206,10.1414980405916,50.00340975253499,0.9166655915014481,2118.7578908260093,923.7527728145728,2311.3749555665113
229.7217319645394,10.465637145365783,49.959297019385694,0.9256417570732939,2225.413371584252,909.7458059075974,2404.1842911458457
231.6564273488841,10.20830735414963,49.99740761597442,0.9085516262572124,2148.5610667466285,987.9569963366936,2364.820010941643
233.3742439631409,9.999001211810151,50.011829100759314,0.8999624325774005,2100.070749441628,1017.3341267462276,2333.509348192724
228.36292916286413,9.663765855059939,49.96892163983994,0.8950510402063333,1975.239698146903,984.1731867341433,2206.845877405558
227.89536322477332,10.124618971922814,50.01241570182271,0.909014081243685,2097.417020179944,961.6251993245841,2307.3537181187808
231.14981037476767,10.934853792153413,50.04171180839581,0.9579236220320412,2421.2375744090045,725.4768672042533,2527.5893805320707
233.521083689207,10.570886141698185,49.99082749283789,0.9213302994613871,2274.3266815704656,959.7149427460322,2468.5247873645803
228.5446793609705,9.989560135796532,50.00107334724454,0.9024973840928143,2060.4564161437584,983.3036442213433,2283.0608181927514
231.31850567037017,9.71783684545516,50.012235736485366,0.9011690770600687,2025.7519341362656,974.3988839126862,2247.9154974391517
228.39009761342248,10.217898797433351,50.01331115776997,0.9208099903733795,2148.8637991765972,910.1569041906188,2333.6669037498755
233.74044012623366,10.667294136652345,49.95650413014196,0.9174481757021006,2287.5451217087802,992.0036789072503,2493.378026457111
227.96573680654197,10.251506264306945,49.973399779215896,0.9331556023021625,2180.7773442951748,840.0848879371215,2336.9921789196133
230.13296855187852,9.383826079561066,50.013808861988544,0.930357146371258,2009.13207691973,791.8007384604269,2159.5277520639243
229.77067947239297,10.118863839303994,50.018181119710896,0.9442409738455957,2195.3774681156738,765.5243269182101,2325.018219845506
229.54436966079717,9.490578454538333,50.00266006714105,0.9100961510542985,1982.6525185702794,902.7678528028259,2178.5088490633443
226.21969139531686,9.86433704515771,50.00065019624751,0.9233266752968787,2060.4101997513876,856.9332291143588,2231.5072821749686
231.05732129051992,9.529121491473857,49.95835816807626,0.9194323130794507,2024.3815052896057,865.8435911301335,2201.7732860718734
229.21584963163698,10.12740968821927,49.990405447480086,0.9217509871314533,2139.7184673713164,900.1834285697083,2321.3628162528516
231.48808497127706,9.666996599411611,50.0179853680112,0.9233155314163495,2066.1904458721947,859.4075871647611,2237.7945302216413
232.376044369684,8.962173897149572,49.998042975463214,0.923969904354144,1924.2546586886053,796.5198929116622,2082.594519172853
228.06972610054868,9.707842605304025,50.034230438937136,0.9190825301766322,2034.9084658692495,872.4857463334187,2214.0650040189257
232.873327354992,9.656042328186842,49.95453451786791,0.9177823623272232,2063.7572725254327,892.8963889112671,2248.6347060455137
232.99168214802933,10.0787710452314,50.066480258021095,0.9097567202740089,2136.3542495918,974.8649480297873,2348.2698198133157
232.21909609054487,10.303821467630106,49.959391368251474,0.9295025545533849,2224.061760305829,882.4815297105226,2392.7441074914145
227.87307145815734,9.983554622691415,49.976085956266,0.9072053205666338,2063.8769139914734,957.0584614922664,2274.983255942978
233.18952586667007,9.038971963902616,49.986107462098055,0.9200166153271164,1939.2051213377438,826.0007875447407,2107.7935865845748
226.88605168198592,10.279522205766318,49.92497842614942,0.8871786959842761,2069.149312222588,1076.1747465432738,2332.2802064436187
230.58719850819293,9.480727311127945,50.00473474145913,0.9211516261407687,2013.7612119189175,850.8520316581288,2186.1343504931056
233.87611624907723,10.263743425584527,50.036693478109896,0.9186771705696585,2205.233515943401,948.1976061714151,2400.444450552709
230.34211709349324,10.167073169112848,50.0047317290555,0.9160880507392676,2145.391331591294,939.0504807289789,2341.905158417905
227.97281300241536,9.781768039054347,50.0028062864354,0.9005816509119163,2008.2765266582792,969.3418375144083,2229.97717600034
228.02172323652798,10.96188471200057,49.97722782584649,0.9233499724792937,2307.9574310756916,959.7249139946306,2499.547841950521
228.44755887807122,10.303422628901549,49.961689274845824,0.9293651421847022,2187.532002238737,868.9299917377755,2353.791747661638
227.21299314491966,10.223837598813533,50.00732145085854,0.9340016927739558,2169.6754175600704,829.9308881312435,2322.9887422539914
229.31273941044657,9.613400774846582,49.99481230720742,0.9267484970465704,2042.9941402189017,828.1824344056627,2204.4752667305793
228.22423503436207,10.428103836466141,50.019493632054925,0.9399658265518392,2237.0679287182265,812.2008032939009,2379.9460209363815
230.78838503404205,9.99555574966821,49.95698819498024,0.9413257695959085,2171.5050412671517,778.5630787277213,2306.8581689836597
230.34191550739354,9.119976383661031,49.92895835121697,0.9225255752788697,1937.9613116175285,810.740616410285,2100.7128295946736
229.5529152745998,11.132346720592167,50.042763622737844,0.9441098614705737,2412.637482404245,842.3596032138147,2555.462643559563
226.80903177540387,9.92875297391314,49.94645597482112,0.9240668221645564,2080.934583139115,860.7576942725157,2251.930848750401
227.21781689309938,9.86973554089104,49.95083639626568,0.9082871069866929,2036.9062850436028,938.177370745543,2242.579762913496
231.59475178941545,10.19009138641864,49.986078587379986,0.9166351269373036,2163.2329453684015,943.3395887601419,2359.9716853490854
231.41710700206198,9.53107315932821,49.94021421390123,0.9254388240092356,2041.19726752793,835.7155827190448,2205.6533771567374
234.84698725161755,10.12261724334768,49.98614933032232,0.9231465917852002,2194.565155864149,913.9355475045081,2377.2661627014763
234.20251473685724,10.049463899043396,50.00658951655964,0.8944717908242463,2105.2374983887207,1052.3562965680194,2353.609716913226
230.03047316284022,10.28488593762114,50.01055457912376,0.9362614868133419,2215.0422344475282,831.1278214141456,2365.8371786568327
229.79252870539185,10.338019664837777,49.99892026017518,0.9008894467384319,2140.1526819179458,1031.1257636654457,2375.59968058914
235.64356796967925,10.02138872257954,49.971226756374385,0.9045743618246207,2136.130459864357,1006.7346159342125,2361.475794599749
230.99518159483208,10.088002370371864,49.99750738361155,0.9200373379366871,2143.9445521601365,913.0752179168131,2330.279939473145
230.6176886877983,9.46654478754386,49.9953042664644,0.899123964283351,1962.9248911651061,955.5529762572226,2183.1526787628895
226.8317132112033,10.35028264282153,49.97831255182328,0.9294387291959827,2182.1105439337734,866.2727940628309,2347.7723440913883
227.6378068711186,9.914750445123637,49.95887544926686,0.9378979398113555,2116.809433095361,782.9691212995967,2256.9720470023917
229.79582147550056,10.350080291773438,49.970990013752306,0.9617765613456215,2287.494377613896,651.2916259043627,2378.4052029854656
227.73386325368824,10.054402770182154,50.03571721418991,0.9257257153432873,2119.660077376081,865.9650132913017,2289.727985562167
227.99860949408605,10.465715536965202,49.989319371058386,0.885570820350773,2113.121275554442,1108.3857693481305,2386.1685897887182
230.26902697381547,8.970814606845689,50.028088947689966,0.9429659329335036,1947.8854355272042,687.649562949335,2065.7007506808477
231.90891502727436,10.412585080104854,50.01935952856402,0.9208540594909581,2223.651962226363,941.5372661310637,2414.7713085563014
232.91982237281934,10.398396472152513,50.0183523041965,0.9368957719025017,2269.154682035763,846.7499456656092,2421.9926592559145
229.78565049402812,9.306376736560264,50.022888302033664,0.912668831939297,1951.7165891861587,873.9932107329649,2138.471832152991
233.18573918150838,10.363833531940479,49.98419874663573,0.9004595279866432,2176.138905059991,1051.1182488734275,2416.698182899643
229.10803610183729,10.203835201017261,49.977198004779005,0.934541268346668,2184.7524877973183,831.9103946397806,2337.780643611861
231.91273866214212,10.507031014776286,49.99987647146918,0.9024170506314496,2198.9325659893016,1049.891582255186,2436.714337844835
234.49094291044418,10.324317431763014,50.00464771931606,0.9212019976480613,2230.1922020616657,941.9580033612825,2420.9589294808443
231.86686105713642,10.508939934580882,49.97403025424063,0.9033877107465564,2201.262173900009,1044.9064486396808,2436.6749156692576
229.66018141933048,9.889617842066386,49.98897160199374,0.9165247203682766,2081.658079729193,908.4507071252589,2271.2514277768137
230.21136066252518,8.70907863393668,49.94601974628398,0.9198241132425135,1844.181894607563,786.5957048137059,2004.9288424354893
233.2902233912233,9.628943217962403,50.02442375927596,0.8971649586377797,2015.3360208711745,992.197835842407,2246.3383143398537
227.9044564147473,10.686656581494763,50.045241752606465,0.91106786162115,2218.939175903101,1004.0656111261444,2435.5366590966455
228.86992067086348,10.233468626803008,50.00522114106435,0.8959760684300164,2098.4952539890833,1040.1468042779902,2342.1331528041746
230.4557822143287,10.275054662597423,49.93698856972217,0.9186955058054526,2175.4211273024102,935.2593432427421,2367.9457595638746
230.84061778306145,10.70740889287904,49.9823980207242,0.909921527916975,2249.0574843252734,1025.2148380938488,2471.7048836880435
225.86213897829816,10.08781399149789,50.03556769523933,0.9006052273209267,2051.9887045256532,990.3033188453393,2278.4552457349173
227.36760651522678,10.590297419281418,50.01023827817944,0.8889894135263787,2140.5892314441176,1102.6399097864182,2407.890576506399
230.66740718345585,9.811720199362208,50.09355846103951,0.9523290970388121,2155.3531705111204,690.4537480775705,2263.244058396421
230.18926060450576,9.339990493938174,49.993619309062865,0.9080869517230671,1952.3556225195575,900.366147504949,2149.965505852741
233.78246650204005,9.982414548464003,49.979089551989084,0.892225906290534,2082.199637907677,1053.8801372273413,2333.713494785763
229.3640415430098,10.254719973512836,50.05925504195111,0.9346834348503082,2198.435275347695,836.1145166518227,2352.0640180167306
230.5025921602685,9.807505295324184,50.02869039227249,0.9190383077054246,2077.628906869633,891.0785218676988,2260.655393197784
233.42317779421637,10.324795971906443,49.96052456185469,0.9452588572127992,2278.117976085976,786.44994434424,2410.0466858393265
225.76099076402534,10.157915796330387,50.06221148851652,0.9378709494696202,2150.782997386234,795.7255356843457,2293.2611342770915
234.993945208895,9.628316794386928,49.977668213376276,0.9313371574530558,2107.2398660918657,823.9426444127442,2262.5961492340452
227.09949607371772,8.670865178259126,50.01098757805235,0.914562385146691,1800.9097090427886,796.4122344350158,1969.149112505794
230.50501374837975,9.822935225484128,50.020599536524536,0.9200875815538753,2083.295258955075,886.9299346408787,2264.2358191996627
228.94052281786102,10.697614791293626,50.01712403775997,0.9102095428114514,2229.210141104181,1014.2971898588136,2449.117523222846
231.57488461711318,9.17846833803102,49.96225623341432,0.9350161128969713,1987.3793158359358,753.7143886726275,2125.5027463413603
232.4925525683695,10.794640951391779,49.96941430473467,0.928374465093781,2329.916912741848,932.7105140691948,2509.673628848127
231.75205408585853,10.13998374218806,50.00657306953776,0.9023119398465465,2120.3988255102518,1013.0303585114412,2349.9620606492936
228.71167324935013,9.962327428164645,49.96631955390167,0.9222165319187717,2101.2708987618103,881.03659561567,2278.5005755534307
230.21024540836186,10.43524185880563,50.03127954776393,0.9427657982386691,2264.805889831175,801.0602959269546,2402.2995892112544
229.04139664340573,10.573612372975969,49.94787346161286,0.9102189501220023,2204.3636526786704,1002.9315254118161,2421.7949454724117
227.71788098166274,10.643174854692953,50.02277640943241,0.8781996121606368,2128.4407836604764,1159.2137926786947,2423.6412248279958
232.32769809207042,10.525859793588301,49.933240239821664,0.9277889765737884,2268.8604174123834,912.4100633648333,2445.4487762842455
227.5152592483753,9.020780146062203,49.93220197277534,0.9040989805816606,1855.5412250274599,877.0230348465602,2052.365133553939
228.56183824402424,10.28986266720753,49.96366362559268,0.9299703339758673,2187.169261010829,864.6286918922744,2351.869926495511
228.13291741603595,9.83997488585835,50.006274100439555,0.9087670946606091,2040.0205287411125,936.7725728300532,2244.822178011391
233.3429356762199,10.509228319018868,49.97657198020577,0.9249038053397626,2268.099229819267,932.3499796469703,2452.2541876515284
230.11398074099358,9.385395120073158,50.00123522985291,0.9277913002684589,2003.7607353807311,805.7871486435896,2159.71063190713
230.15794375599017,9.531625336187094,50.03505191965776,0.9222119873959438,2023.1295571215778,848.3008662541131,2193.77928802932
229.73466726590644,10.102542938939363,49.97121516612563,0.9251516287250943,2147.188430836743,881.010102538328,2320.904340616767
231.47085187589968,9.58843624303665,50.05430274026627,0.9221118737443664,2046.5752093727874,858.754555008321,2219.4435053334446
228.7436318591568,9.788484847569146,50.02570339175523,0.9210937194194074,2062.378184852237,871.7552017734874,2239.0535744312915
231.2868072115409,9.509055585521411,49.96841696070754,0.9203504106981029,2024.144242437806,860.1422066732633,2199.3191059723167
232.97802437861506,10.141722221055714,50.03195264124091,0.9329886572477564,2204.464112961826,850.3847870907391,2362.79840685826
227.65981901395674,9.479642996268476,50.01428320197997,0.8733817760456173,1884.8747389152381,1051.0893185117118,2158.1338088474035
230.1342280172585,9.865755436810593,49.99087375421526,0.9235195533041323,2096.8031331567604,870.8333896946214,2270.4480112574765
227.417278099971,10.131575873536507,50.02602161906798,0.9295075801369179,2141.6741471160512,849.7573164424352,2304.0954080230085
228.42123575015714,10.228464062453588,49.9984036815369,0.9261214927817895,2163.788774840916,881.3487538628859,2336.398400971721
234.03468958948332,10.12784148464804,50.0011256984955,0.9112984158349237,2160.0198678611937,975.9488766244964,2370.266238071096
227.156207271064,10.88176337960001,50.01867773418901,0.9276617338987618,2293.0500242163894,923.0460060020785,2471.860097731094
231.19198932221792,10.454868799737135,49.982582380031765,0.9329694997239903,2255.0637058822044,870.0417637397605,2417.081915914017
231.65341212377282,9.20436850464795,49.99750391480648,0.924991422929278,1972.2883295246706,810.2192586729532,2132.2233705462863
229.34289072349114,10.175453825164123,50.01870247739005,0.9050033300132304,2111.977306336621,992.7528226821776,2333.667994686545
229.1676389302258,9.967881210430061,49.989246228199505,0.929443502290454,2123.1424794702675,842.8313566397709,2284.3158021312183
232.8413640591516,10.313856887550724,49.959347978472834,0.9286426019344141,2230.128249676896,890.8951949178637,2401.4925064081863
230.3629690960955,9.532571038334813,49.992551248295996,0.9118010363614163,2002.2707326951222,901.7285187143128,2195.9513675102576
228.79875355160667,9.815356897091485,49.97236738229095,0.8957586749541676,2011.6423619999462,998.3233692613626,2245.741423718697
229.08901176749603,10.620561289883003,50.015366117076795,0.9031968631513871,2197.5266416111667,1044.3313136108425,2433.05389031542
229.89716372437155,10.064866223909274,50.03105945893862,0.9284196473289396,2148.2555511989717,859.6849243495545,2313.8841981419678
230.50561168664493,10.592072345509415,50.00124359511787,0.9327918387181313,2277.441230868989,879.9661974558626,2441.5321150308437
228.06051035520233,9.773974750418015,50.047834596920204,0.933554717815038,2080.9473039041613,798.9720981207364,2229.057669779194
228.69020679898352,9.862991345239257,49.94939509331313,0.8998114848591388,2029.5873683516697,984.0574275382965,2255.5695303993502
235.87483914723865,9.739754524235813,49.980407041382655,0.9323311947799118,2141.903220223222,830.7391255938812,2297.3630317377124
230.05734805263745,10.854012698563258,50.013797281981525,0.9336282783218844,2331.3121763705517,894.5496922519695,2497.045377161114
232.3380888326986,9.826011276248785,49.99928245265608,0.9042333755572232,2064.3256257055496,974.9107227524773,2282.956680772188
232.9851290436425,9.355982819306742,50.02851171666061,0.926119834786042,2018.7605209638477,822.2865718445364,2179.804864486284
227.71335469669688,8.739207444500352,49.95098498987115,0.9233565005389945,1837.5110560258627,764.0611320921574,1990.0342445775225
228.3762054058723,9.911412535040945,49.99666890386373,0.9081150029715306,2055.5462655145043,947.7875103697863,2263.5307849648484
229.9507071493748,10.104103670933235,50.01670747213723,0.9100852959948685,2114.533844279629,962.8846938790238,2323.4457842416914
229.9249553180413,9.465868386109996,50.009802388881674,0.9127877374194834,1986.6271642688107,888.9324062363409,2176.4393657228006
227.47078612450474,9.51363060691579,50.027775510988974,0.9406024251571395,2035.5323431070854,734.7245555671991,2164.073033053284
227.07012521385815,9.341079686932675,49.99008084913325,0.9048093887453696,1919.1732196551677,903.1916122399318,2121.0801341444294
224.81312424717504,9.54687249504813,49.99531896495519,0.9346972560432449,2006.1054193746445,762.8778516823219,2146.262232401193
226.87636870414866,9.316938043903798,49.9771908345228,0.917708098162447,1939.845018951763,839.7156952144546,2113.793070842428
234.67663606058332,10.078310131151598,50.034896506597626,0.9230284920624197,2183.095224838063,909.9456004113936,2365.143918753953
